date,description,vendor,amount_coins
2026-01-01,Attribute Enhancement Elixir,Industrial Complex Dokkaebi,-2953
2026-01-02,Probability Stabilization Ticket,Star Stream Bureau,-2997
2026-01-03,Sponsor Donation,Demon-like Judge of Fire,2398
2026-01-04,Scenario Skip Token,Upper Tier Dokkaebi,-1118
2026-01-05,Attribute Enhancement Elixir,Industrial Complex Dokkaebi,-1567
2026-01-06,Hidden Scenario Bonus,Star Stream Bureau,4304
2026-01-07,Scenario Skip Token,Upper Tier Dokkaebi,-2784
2026-01-08,Basic Survival Kit,Bihyung - Dokkaebi Shop,-2829
2026-01-09,Probability Stabilization Ticket,Star Stream Bureau,-1855
2026-01-10,Fable Fragment Reward,Nameless Constellation,612
2026-01-11,Sponsor Donation,Demon-like Judge of Fire,2169
2026-01-12,Scenario Skip Token,Upper Tier Dokkaebi,-2965
2026-01-13,Probability Stabilization Ticket,Star Stream Bureau,-167
2026-01-14,Basic Survival Kit,Bihyung - Dokkaebi Shop,-1337
2026-01-15,Sponsor Donation,Demon-like Judge of Fire,3512
2026-01-16,Basic Survival Kit,Bihyung - Dokkaebi Shop,-2481
2026-01-17,Incarnation Achievement Reward,Star Stream Bureau,3325
2026-01-18,Incarnation Achievement Reward,Star Stream Bureau,1696
2026-01-19,Attribute Enhancement Elixir,Industrial Complex Dokkaebi,-467
2026-01-20,Sponsor Donation,Demon-like Judge of Fire,4136
2026-01-21,Scenario Skip Token,Upper Tier Dokkaebi,-1713
2026-01-22,Hidden Scenario Bonus,Star Stream Bureau,1549
2026-01-23,Attribute Enhancement Elixir,Industrial Complex Dokkaebi,-785
2026-01-24,Stigma Enhancement Scroll,Mid-Level Dokkaebi,-525
2026-01-25,Scenario Skip Token,Upper Tier Dokkaebi,-744
2026-01-26,Attribute Enhancement Elixir,Industrial Complex Dokkaebi,-104
2026-01-27,Scenario Skip Token,Upper Tier Dokkaebi,-361
2026-01-28,Basic Survival Kit,Bihyung - Dokkaebi Shop,-2616
2026-01-29,Sponsor Donation,Demon-like Judge of Fire,4809
2026-01-30,Attribute Enhancement Elixir,Industrial Complex Dokkaebi,-2415
2026-01-31,Scenario Skip Token,Upper Tier Dokkaebi,-2917
2026-02-01,Scenario Skip Token,Upper Tier Dokkaebi,-1002
2026-02-02,Hidden Scenario Bonus,Star Stream Bureau,3795
2026-02-03,Hidden Scenario Bonus,Star Stream Bureau,2503
2026-02-04,Stigma Enhancement Scroll,Mid-Level Dokkaebi,-2563
2026-02-05,Attribute Enhancement Elixir,Industrial Complex Dokkaebi,-522
2026-02-06,Incarnation Achievement Reward,Star Stream Bureau,4572
2026-02-07,Hidden Scenario Bonus,Star Stream Bureau,1209
2026-02-08,Attribute Enhancement Elixir,Industrial Complex Dokkaebi,-587
2026-02-09,Sponsor Donation,Demon-like Judge of Fire,4532
2026-02-10,Fable Fragment Reward,Nameless Constellation,4933
2026-02-11,Attribute Enhancement Elixir,Industrial Complex Dokkaebi,-1371
2026-02-12,Stigma Enhancement Scroll,Mid-Level Dokkaebi,-1429
2026-02-13,Stigma Enhancement Scroll,Mid-Level Dokkaebi,-1698
2026-02-14,Incarnation Achievement Reward,Star Stream Bureau,1289
2026-02-15,Scenario Skip Token,Upper Tier Dokkaebi,-1408
2026-02-16,Attribute Enhancement Elixir,Industrial Complex Dokkaebi,-1724
2026-02-17,Basic Survival Kit,Bihyung - Dokkaebi Shop,-1743
2026-02-18,Sponsor Donation,Demon-like Judge of Fire,2807
2026-02-19,Constellation Gift,Abyssal Black Flame Dragon,1288
2026-02-20,Constellation Gift,Abyssal Black Flame Dragon,3131
2026-02-21,Basic Survival Kit,Bihyung - Dokkaebi Shop,-2983
2026-02-22,Probability Stabilization Ticket,Star Stream Bureau,-1814
2026-02-23,Stigma Enhancement Scroll,Mid-Level Dokkaebi,-1080
2026-02-24,Fable Fragment Reward,Nameless Constellation,3077
2026-02-25,Sponsor Donation,Demon-like Judge of Fire,3670
2026-02-26,Attribute Enhancement Elixir,Industrial Complex Dokkaebi,-2480
2026-02-27,Probability Stabilization Ticket,Star Stream Bureau,-722
2026-02-28,Stigma Enhancement Scroll,Mid-Level Dokkaebi,-1820
2026-03-01,Stigma Enhancement Scroll,Mid-Level Dokkaebi,-1505
2026-03-02,Probability Stabilization Ticket,Star Stream Bureau,-1356
2026-03-03,Sponsor Donation,Demon-like Judge of Fire,2335
2026-03-04,Probability Stabilization Ticket,Star Stream Bureau,-2146
2026-03-05,Attribute Enhancement Elixir,Industrial Complex Dokkaebi,-1340
2026-03-06,Hidden Scenario Bonus,Star Stream Bureau,3555
2026-03-07,Hidden Scenario Bonus,Star Stream Bureau,4268
2026-03-08,Hidden Scenario Bonus,Star Stream Bureau,1815
2026-03-09,Probability Stabilization Ticket,Star Stream Bureau,-2488
2026-03-10,Hidden Scenario Bonus,Star Stream Bureau,2708
2026-03-11,Probability Stabilization Ticket,Star Stream Bureau,-1864
2026-03-12,Hidden Scenario Bonus,Star Stream Bureau,1659
2026-03-13,Incarnation Achievement Reward,Star Stream Bureau,4673
2026-03-14,Fable Fragment Reward,Nameless Constellation,2084
2026-03-15,Stigma Enhancement Scroll,Mid-Level Dokkaebi,-1334
2026-03-16,Attribute Enhancement Elixir,Industrial Complex Dokkaebi,-2672
2026-03-17,Constellation Gift,Abyssal Black Flame Dragon,1707
2026-03-18,Attribute Enhancement Elixir,Industrial Complex Dokkaebi,-2837
2026-03-19,Fable Fragment Reward,Nameless Constellation,705
2026-03-20,Scenario Skip Token,Upper Tier Dokkaebi,-203
2026-03-21,Attribute Enhancement Elixir,Industrial Complex Dokkaebi,-2606
2026-03-22,Scenario Skip Token,Upper Tier Dokkaebi,-690
2026-03-23,Incarnation Achievement Reward,Star Stream Bureau,1408
2026-03-24,Constellation Gift,Abyssal Black Flame Dragon,4824
2026-03-25,Fable Fragment Reward,Nameless Constellation,1489
2026-03-26,Stigma Enhancement Scroll,Mid-Level Dokkaebi,-2570
2026-03-27,Hidden Scenario Bonus,Star Stream Bureau,4484
2026-03-28,Incarnation Achievement Reward,Star Stream Bureau,1908
2026-03-29,Basic Survival Kit,Bihyung - Dokkaebi Shop,-833
2026-03-30,Probability Stabilization Ticket,Star Stream Bureau,-469
2026-03-31,Fable Fragment Reward,Nameless Constellation,3901
2026-04-01,Fable Fragment Reward,Nameless Constellation,1327
2026-04-02,Scenario Skip Token,Upper Tier Dokkaebi,-2869
2026-04-03,Fable Fragment Reward,Nameless Constellation,3273
2026-04-04,Scenario Skip Token,Upper Tier Dokkaebi,-874
2026-04-05,Sponsor Donation,Demon-like Judge of Fire,953
2026-04-06,Incarnation Achievement Reward,Star Stream Bureau,3170
2026-04-07,Hidden Scenario Bonus,Star Stream Bureau,878
2026-04-08,Probability Stabilization Ticket,Star Stream Bureau,-1181
2026-04-09,Sponsor Donation,Demon-like Judge of Fire,3225
2026-04-10,Basic Survival Kit,Bihyung - Dokkaebi Shop,-2331
2026-04-11,Probability Stabilization Ticket,Star Stream Bureau,-2678
2026-04-12,Incarnation Achievement Reward,Star Stream Bureau,3806
2026-04-13,Basic Survival Kit,Bihyung - Dokkaebi Shop,-2735
2026-04-14,Scenario Skip Token,Upper Tier Dokkaebi,-2777
2026-04-15,Basic Survival Kit,Bihyung - Dokkaebi Shop,-704
2026-04-16,Stigma Enhancement Scroll,Mid-Level Dokkaebi,-1076
2026-04-17,Constellation Gift,Abyssal Black Flame Dragon,1034
2026-04-18,Hidden Scenario Bonus,Star Stream Bureau,1243
2026-04-19,Sponsor Donation,Demon-like Judge of Fire,4824
2026-04-20,Scenario Skip Token,Upper Tier Dokkaebi,-499
2026-04-21,Sponsor Donation,Demon-like Judge of Fire,1055
2026-04-22,Basic Survival Kit,Bihyung - Dokkaebi Shop,-2185
2026-04-23,Sponsor Donation,Demon-like Judge of Fire,2936
2026-04-24,Probability Stabilization Ticket,Star Stream Bureau,-915
2026-04-25,Probability Stabilization Ticket,Star Stream Bureau,-509
2026-04-26,Probability Stabilization Ticket,Star Stream Bureau,-1075
2026-04-27,Basic Survival Kit,Bihyung - Dokkaebi Shop,-157
2026-04-28,Sponsor Donation,Demon-like Judge of Fire,3305
2026-04-29,Fable Fragment Reward,Nameless Constellation,2262
2026-04-30,Constellation Gift,Abyssal Black Flame Dragon,2596
2026-01-01,Basic Survival Kit,Bihyung - Dokkaebi Shop,-2041
2026-01-02,Constellation Gift,Abyssal Black Flame Dragon,3945
2026-01-03,Stigma Enhancement Scroll,Mid-Level Dokkaebi,-2628
2026-01-04,Scenario Skip Token,Upper Tier Dokkaebi,-1144
2026-01-05,Incarnation Achievement Reward,Star Stream Bureau,4633
2026-01-06,Incarnation Achievement Reward,Star Stream Bureau,4101
2026-01-07,Stigma Enhancement Scroll,Mid-Level Dokkaebi,-2254
2026-01-08,Incarnation Achievement Reward,Star Stream Bureau,3277
2026-01-09,Basic Survival Kit,Bihyung - Dokkaebi Shop,-231
2026-01-10,Sponsor Donation,Demon-like Judge of Fire,1471
2026-01-11,Hidden Scenario Bonus,Star Stream Bureau,4079
2026-01-12,Sponsor Donation,Demon-like Judge of Fire,1130
2026-01-13,Probability Stabilization Ticket,Star Stream Bureau,-2706
2026-01-14,Incarnation Achievement Reward,Star Stream Bureau,901
2026-01-15,Sponsor Donation,Demon-like Judge of Fire,4160
2026-01-16,Constellation Gift,Abyssal Black Flame Dragon,4146
2026-01-17,Sponsor Donation,Demon-like Judge of Fire,2255
2026-01-18,Stigma Enhancement Scroll,Mid-Level Dokkaebi,-533
2026-01-19,Sponsor Donation,Demon-like Judge of Fire,2067
2026-01-20,Basic Survival Kit,Bihyung - Dokkaebi Shop,-985
2026-01-21,Probability Stabilization Ticket,Star Stream Bureau,-2939
2026-01-22,Sponsor Donation,Demon-like Judge of Fire,3767
2026-01-23,Attribute Enhancement Elixir,Industrial Complex Dokkaebi,-1444
2026-01-24,Scenario Skip Token,Upper Tier Dokkaebi,-1510
2026-01-25,Scenario Skip Token,Upper Tier Dokkaebi,-300
2026-01-26,Fable Fragment Reward,Nameless Constellation,653
2026-01-27,Incarnation Achievement Reward,Star Stream Bureau,1113
2026-01-28,Probability Stabilization Ticket,Star Stream Bureau,-234
2026-01-29,Incarnation Achievement Reward,Star Stream Bureau,3749
2026-01-30,Sponsor Donation,Demon-like Judge of Fire,2030
2026-01-31,Fable Fragment Reward,Nameless Constellation,1621
2026-02-01,Attribute Enhancement Elixir,Industrial Complex Dokkaebi,-717
2026-02-02,Probability Stabilization Ticket,Star Stream Bureau,-2471
2026-02-03,Scenario Skip Token,Upper Tier Dokkaebi,-2870
2026-02-04,Incarnation Achievement Reward,Star Stream Bureau,1556
2026-02-05,Stigma Enhancement Scroll,Mid-Level Dokkaebi,-1682
2026-02-06,Stigma Enhancement Scroll,Mid-Level Dokkaebi,-1997
2026-02-07,Attribute Enhancement Elixir,Industrial Complex Dokkaebi,-1320
2026-02-08,Fable Fragment Reward,Nameless Constellation,4743
2026-02-09,Fable Fragment Reward,Nameless Constellation,3483
2026-02-10,Scenario Skip Token,Upper Tier Dokkaebi,-2622
2026-02-11,Scenario Skip Token,Upper Tier Dokkaebi,-930
2026-02-12,Basic Survival Kit,Bihyung - Dokkaebi Shop,-1877
2026-02-13,Probability Stabilization Ticket,Star Stream Bureau,-1618
2026-02-14,Sponsor Donation,Demon-like Judge of Fire,507
2026-02-15,Probability Stabilization Ticket,Star Stream Bureau,-1955
2026-02-16,Basic Survival Kit,Bihyung - Dokkaebi Shop,-1293
2026-02-17,Scenario Skip Token,Upper Tier Dokkaebi,-751
2026-02-18,Basic Survival Kit,Bihyung - Dokkaebi Shop,-1064
2026-02-19,Stigma Enhancement Scroll,Mid-Level Dokkaebi,-2103
2026-02-20,Constellation Gift,Abyssal Black Flame Dragon,2210
2026-02-21,Stigma Enhancement Scroll,Mid-Level Dokkaebi,-1979
2026-02-22,Incarnation Achievement Reward,Star Stream Bureau,4011
2026-02-23,Constellation Gift,Abyssal Black Flame Dragon,964
2026-02-24,Scenario Skip Token,Upper Tier Dokkaebi,-673
2026-02-25,Probability Stabilization Ticket,Star Stream Bureau,-2833
2026-02-26,Probability Stabilization Ticket,Star Stream Bureau,-760
2026-02-27,Hidden Scenario Bonus,Star Stream Bureau,4394
2026-02-28,Constellation Gift,Abyssal Black Flame Dragon,3834
2026-03-01,Fable Fragment Reward,Nameless Constellation,1791
2026-03-02,Attribute Enhancement Elixir,Industrial Complex Dokkaebi,-2306
2026-03-03,Sponsor Donation,Demon-like Judge of Fire,1547
2026-03-04,Attribute Enhancement Elixir,Industrial Complex Dokkaebi,-1998
2026-03-05,Fable Fragment Reward,Nameless Constellation,3419
2026-03-06,Probability Stabilization Ticket,Star Stream Bureau,-2528
2026-03-07,Basic Survival Kit,Bihyung - Dokkaebi Shop,-561
2026-03-08,Attribute Enhancement Elixir,Industrial Complex Dokkaebi,-997
2026-03-09,Fable Fragment Reward,Nameless Constellation,3393
2026-03-10,Sponsor Donation,Demon-like Judge of Fire,2261
2026-03-11,Fable Fragment Reward,Nameless Constellation,948
2026-03-12,Scenario Skip Token,Upper Tier Dokkaebi,-2339
2026-03-13,Basic Survival Kit,Bihyung - Dokkaebi Shop,-1708
2026-03-14,Incarnation Achievement Reward,Star Stream Bureau,3316
2026-03-15,Fable Fragment Reward,Nameless Constellation,1725
2026-03-16,Sponsor Donation,Demon-like Judge of Fire,2938
2026-03-17,Scenario Skip Token,Upper Tier Dokkaebi,-2815
2026-03-18,Fable Fragment Reward,Nameless Constellation,4687
2026-03-19,Incarnation Achievement Reward,Star Stream Bureau,3863
2026-03-20,Constellation Gift,Abyssal Black Flame Dragon,2384
2026-03-21,Constellation Gift,Abyssal Black Flame Dragon,2737
2026-03-22,Probability Stabilization Ticket,Star Stream Bureau,-805
2026-03-23,Scenario Skip Token,Upper Tier Dokkaebi,-338
2026-03-24,Incarnation Achievement Reward,Star Stream Bureau,1044
2026-03-25,Hidden Scenario Bonus,Star Stream Bureau,4183
2026-03-26,Scenario Skip Token,Upper Tier Dokkaebi,-1901
2026-03-27,Probability Stabilization Ticket,Star Stream Bureau,-1189
2026-03-28,Basic Survival Kit,Bihyung - Dokkaebi Shop,-2157
2026-03-29,Incarnation Achievement Reward,Star Stream Bureau,4169
2026-03-30,Probability Stabilization Ticket,Star Stream Bureau,-2179
2026-03-31,Sponsor Donation,Demon-like Judge of Fire,634
2026-04-01,Probability Stabilization Ticket,Star Stream Bureau,-1913
2026-04-02,Incarnation Achievement Reward,Star Stream Bureau,1866
2026-04-03,Sponsor Donation,Demon-like Judge of Fire,4687
2026-04-04,Hidden Scenario Bonus,Star Stream Bureau,1567
2026-04-05,Hidden Scenario Bonus,Star Stream Bureau,4212
2026-04-06,Probability Stabilization Ticket,Star Stream Bureau,-2529
2026-04-07,Attribute Enhancement Elixir,Industrial Complex Dokkaebi,-187
2026-04-08,Basic Survival Kit,Bihyung - Dokkaebi Shop,-2561
2026-04-09,Scenario Skip Token,Upper Tier Dokkaebi,-2115
2026-04-10,Basic Survival Kit,Bihyung - Dokkaebi Shop,-1708
2026-04-11,Incarnation Achievement Reward,Star Stream Bureau,3874
2026-04-12,Hidden Scenario Bonus,Star Stream Bureau,723
2026-04-13,Probability Stabilization Ticket,Star Stream Bureau,-1666
2026-04-14,Attribute Enhancement Elixir,Industrial Complex Dokkaebi,-2723
2026-04-15,Scenario Skip Token,Upper Tier Dokkaebi,-2127
2026-04-16,Probability Stabilization Ticket,Star Stream Bureau,-2842
2026-04-17,Stigma Enhancement Scroll,Mid-Level Dokkaebi,-2634
2026-04-18,Fable Fragment Reward,Nameless Constellation,3058
2026-04-19,Attribute Enhancement Elixir,Industrial Complex Dokkaebi,-2051
2026-04-20,Basic Survival Kit,Bihyung - Dokkaebi Shop,-292
2026-04-21,Hidden Scenario Bonus,Star Stream Bureau,1584
2026-04-22,Basic Survival Kit,Bihyung - Dokkaebi Shop,-1780
2026-04-23,Incarnation Achievement Reward,Star Stream Bureau,3954
2026-04-24,Constellation Gift,Abyssal Black Flame Dragon,1955
2026-04-25,Constellation Gift,Abyssal Black Flame Dragon,3875
2026-04-26,Hidden Scenario Bonus,Star Stream Bureau,2910
2026-04-27,Scenario Skip Token,Upper Tier Dokkaebi,-1446
2026-04-28,Incarnation Achievement Reward,Star Stream Bureau,772
2026-04-29,Attribute Enhancement Elixir,Industrial Complex Dokkaebi,-1583
2026-04-30,Sponsor Donation,Demon-like Judge of Fire,829
2026-01-01,Basic Survival Kit,Bihyung - Dokkaebi Shop,-1901
2026-01-02,Stigma Enhancement Scroll,Mid-Level Dokkaebi,-1942
2026-01-03,Probability Stabilization Ticket,Star Stream Bureau,-2504
2026-01-04,Constellation Gift,Abyssal Black Flame Dragon,1552
2026-01-05,Fable Fragment Reward,Nameless Constellation,1193
2026-01-06,Stigma Enhancement Scroll,Mid-Level Dokkaebi,-1760
2026-01-07,Hidden Scenario Bonus,Star Stream Bureau,1040
2026-01-08,Constellation Gift,Abyssal Black Flame Dragon,511
2026-01-09,Hidden Scenario Bonus,Star Stream Bureau,2316
2026-01-10,Attribute Enhancement Elixir,Industrial Complex Dokkaebi,-1176
2026-01-11,Fable Fragment Reward,Nameless Constellation,2295
2026-01-12,Scenario Skip Token,Upper Tier Dokkaebi,-1752
2026-01-13,Stigma Enhancement Scroll,Mid-Level Dokkaebi,-2681
2026-01-14,Incarnation Achievement Reward,Star Stream Bureau,3044
2026-01-15,Scenario Skip Token,Upper Tier Dokkaebi,-2967
2026-01-16,Sponsor Donation,Demon-like Judge of Fire,2461
2026-01-17,Stigma Enhancement Scroll,Mid-Level Dokkaebi,-2159
2026-01-18,Basic Survival Kit,Bihyung - Dokkaebi Shop,-1112
2026-01-19,Constellation Gift,Abyssal Black Flame Dragon,987
2026-01-20,Constellation Gift,Abyssal Black Flame Dragon,3734
2026-01-21,Constellation Gift,Abyssal Black Flame Dragon,696
2026-01-22,Scenario Skip Token,Upper Tier Dokkaebi,-1863
2026-01-23,Hidden Scenario Bonus,Star Stream Bureau,4825
2026-01-24,Sponsor Donation,Demon-like Judge of Fire,1084
2026-01-25,Basic Survival Kit,Bihyung - Dokkaebi Shop,-2834
2026-01-26,Incarnation Achievement Reward,Star Stream Bureau,2501
2026-01-27,Scenario Skip Token,Upper Tier Dokkaebi,-291
2026-01-28,Constellation Gift,Abyssal Black Flame Dragon,3904
2026-01-29,Attribute Enhancement Elixir,Industrial Complex Dokkaebi,-422
2026-01-30,Probability Stabilization Ticket,Star Stream Bureau,-2326
2026-01-31,Probability Stabilization Ticket,Star Stream Bureau,-886
2026-02-01,Hidden Scenario Bonus,Star Stream Bureau,1521
2026-02-02,Hidden Scenario Bonus,Star Stream Bureau,2276
2026-02-03,Constellation Gift,Abyssal Black Flame Dragon,1279
2026-02-04,Sponsor Donation,Demon-like Judge of Fire,4491
2026-02-05,Probability Stabilization Ticket,Star Stream Bureau,-424
2026-02-06,Stigma Enhancement Scroll,Mid-Level Dokkaebi,-2179
2026-02-07,Stigma Enhancement Scroll,Mid-Level Dokkaebi,-1806
2026-02-08,Scenario Skip Token,Upper Tier Dokkaebi,-2830
2026-02-09,Basic Survival Kit,Bihyung - Dokkaebi Shop,-1226
2026-02-10,Hidden Scenario Bonus,Star Stream Bureau,2083
2026-02-11,Hidden Scenario Bonus,Star Stream Bureau,3663
2026-02-12,Stigma Enhancement Scroll,Mid-Level Dokkaebi,-1942
2026-02-13,Scenario Skip Token,Upper Tier Dokkaebi,-1322
2026-02-14,Hidden Scenario Bonus,Star Stream Bureau,3016
2026-02-15,Probability Stabilization Ticket,Star Stream Bureau,-2881
2026-02-16,Attribute Enhancement Elixir,Industrial Complex Dokkaebi,-811
2026-02-17,Fable Fragment Reward,Nameless Constellation,1160
2026-02-18,Hidden Scenario Bonus,Star Stream Bureau,3822
2026-02-19,Attribute Enhancement Elixir,Industrial Complex Dokkaebi,-797
2026-02-20,Hidden Scenario Bonus,Star Stream Bureau,1462
2026-02-21,Stigma Enhancement Scroll,Mid-Level Dokkaebi,-329
2026-02-22,Hidden Scenario Bonus,Star Stream Bureau,4753
2026-02-23,Basic Survival Kit,Bihyung - Dokkaebi Shop,-2759
2026-02-24,Constellation Gift,Abyssal Black Flame Dragon,3383
2026-02-25,Scenario Skip Token,Upper Tier Dokkaebi,-684
2026-02-26,Scenario Skip Token,Upper Tier Dokkaebi,-1952
2026-02-27,Constellation Gift,Abyssal Black Flame Dragon,2200
2026-02-28,Attribute Enhancement Elixir,Industrial Complex Dokkaebi,-1762
2026-03-01,Fable Fragment Reward,Nameless Constellation,2623
2026-03-02,Hidden Scenario Bonus,Star Stream Bureau,4500
2026-03-03,Basic Survival Kit,Bihyung - Dokkaebi Shop,-2770
2026-03-04,Sponsor Donation,Demon-like Judge of Fire,1906
2026-03-05,Fable Fragment Reward,Nameless Constellation,2453
2026-03-06,Probability Stabilization Ticket,Star Stream Bureau,-835
2026-03-07,Hidden Scenario Bonus,Star Stream Bureau,3222
2026-03-08,Probability Stabilization Ticket,Star Stream Bureau,-2896
2026-03-09,Attribute Enhancement Elixir,Industrial Complex Dokkaebi,-1648
2026-03-10,Probability Stabilization Ticket,Star Stream Bureau,-487
2026-03-11,Sponsor Donation,Demon-like Judge of Fire,2887
2026-03-12,Basic Survival Kit,Bihyung - Dokkaebi Shop,-849
2026-03-13,Constellation Gift,Abyssal Black Flame Dragon,1609
2026-03-14,Attribute Enhancement Elixir,Industrial Complex Dokkaebi,-1453
2026-03-15,Stigma Enhancement Scroll,Mid-Level Dokkaebi,-2527
2026-03-16,Fable Fragment Reward,Nameless Constellation,1290
2026-03-17,Stigma Enhancement Scroll,Mid-Level Dokkaebi,-251
2026-03-18,Stigma Enhancement Scroll,Mid-Level Dokkaebi,-669
2026-03-19,Sponsor Donation,Demon-like Judge of Fire,4744
2026-03-20,Basic Survival Kit,Bihyung - Dokkaebi Shop,-1323
2026-03-21,Sponsor Donation,Demon-like Judge of Fire,4594
2026-03-22,Scenario Skip Token,Upper Tier Dokkaebi,-939
2026-03-23,Basic Survival Kit,Bihyung - Dokkaebi Shop,-894
2026-03-24,Constellation Gift,Abyssal Black Flame Dragon,3558
2026-03-25,Probability Stabilization Ticket,Star Stream Bureau,-2720
2026-03-26,Basic Survival Kit,Bihyung - Dokkaebi Shop,-548
2026-03-27,Attribute Enhancement Elixir,Industrial Complex Dokkaebi,-1314
2026-03-28,Attribute Enhancement Elixir,Industrial Complex Dokkaebi,-1060
2026-03-29,Attribute Enhancement Elixir,Industrial Complex Dokkaebi,-473
2026-03-30,Incarnation Achievement Reward,Star Stream Bureau,1728
2026-03-31,Probability Stabilization Ticket,Star Stream Bureau,-1689
2026-04-01,Basic Survival Kit,Bihyung - Dokkaebi Shop,-2494
2026-04-02,Attribute Enhancement Elixir,Industrial Complex Dokkaebi,-1996
2026-04-03,Fable Fragment Reward,Nameless Constellation,1653
2026-04-04,Sponsor Donation,Demon-like Judge of Fire,2978
2026-04-05,Stigma Enhancement Scroll,Mid-Level Dokkaebi,-1382
2026-04-06,Constellation Gift,Abyssal Black Flame Dragon,4252
2026-04-07,Constellation Gift,Abyssal Black Flame Dragon,3229
2026-04-08,Probability Stabilization Ticket,Star Stream Bureau,-2929
2026-04-09,Incarnation Achievement Reward,Star Stream Bureau,3063
2026-04-10,Scenario Skip Token,Upper Tier Dokkaebi,-1456
2026-04-11,Fable Fragment Reward,Nameless Constellation,644
2026-04-12,Attribute Enhancement Elixir,Industrial Complex Dokkaebi,-705
2026-04-13,Sponsor Donation,Demon-like Judge of Fire,3988
2026-04-14,Incarnation Achievement Reward,Star Stream Bureau,1067
2026-04-15,Attribute Enhancement Elixir,Industrial Complex Dokkaebi,-2156
2026-04-16,Scenario Skip Token,Upper Tier Dokkaebi,-2803
2026-04-17,Scenario Skip Token,Upper Tier Dokkaebi,-678
2026-04-18,Fable Fragment Reward,Nameless Constellation,1527
2026-04-19,Incarnation Achievement Reward,Star Stream Bureau,1693
2026-04-20,Hidden Scenario Bonus,Star Stream Bureau,1251
2026-04-21,Probability Stabilization Ticket,Star Stream Bureau,-2537
2026-04-22,Hidden Scenario Bonus,Star Stream Bureau,985
2026-04-23,Constellation Gift,Abyssal Black Flame Dragon,4192
2026-04-24,Hidden Scenario Bonus,Star Stream Bureau,3677
2026-04-25,Hidden Scenario Bonus,Star Stream Bureau,4410
2026-04-26,Basic Survival Kit,Bihyung - Dokkaebi Shop,-2926
2026-04-27,Stigma Enhancement Scroll,Mid-Level Dokkaebi,-715
2026-04-28,Basic Survival Kit,Bihyung - Dokkaebi Shop,-1292
2026-04-29,Constellation Gift,Abyssal Black Flame Dragon,2588
2026-04-30,Stigma Enhancement Scroll,Mid-Level Dokkaebi,-864
2026-01-01,Probability Stabilization Ticket,Star Stream Bureau,-412
2026-01-02,Scenario Skip Token,Upper Tier Dokkaebi,-389
2026-01-03,Scenario Skip Token,Upper Tier Dokkaebi,-2249
2026-01-04,Incarnation Achievement Reward,Star Stream Bureau,4918
2026-01-05,Stigma Enhancement Scroll,Mid-Level Dokkaebi,-865
2026-01-06,Constellation Gift,Abyssal Black Flame Dragon,2070
2026-01-07,Scenario Skip Token,Upper Tier Dokkaebi,-760
2026-01-08,Constellation Gift,Abyssal Black Flame Dragon,3079
2026-01-09,Fable Fragment Reward,Nameless Constellation,2731
2026-01-10,Hidden Scenario Bonus,Star Stream Bureau,2364
2026-01-11,Attribute Enhancement Elixir,Industrial Complex Dokkaebi,-734
2026-01-12,Basic Survival Kit,Bihyung - Dokkaebi Shop,-712
2026-01-13,Attribute Enhancement Elixir,Industrial Complex Dokkaebi,-446
2026-01-14,Basic Survival Kit,Bihyung - Dokkaebi Shop,-700
2026-01-15,Probability Stabilization Ticket,Star Stream Bureau,-2811
2026-01-16,Scenario Skip Token,Upper Tier Dokkaebi,-1813
2026-01-17,Constellation Gift,Abyssal Black Flame Dragon,2113
2026-01-18,Stigma Enhancement Scroll,Mid-Level Dokkaebi,-378
2026-01-19,Probability Stabilization Ticket,Star Stream Bureau,-1570
2026-01-20,Probability Stabilization Ticket,Star Stream Bureau,-109
2026-01-21,Sponsor Donation,Demon-like Judge of Fire,923
2026-01-22,Probability Stabilization Ticket,Star Stream Bureau,-654
2026-01-23,Constellation Gift,Abyssal Black Flame Dragon,3985
2026-01-24,Constellation Gift,Abyssal Black Flame Dragon,3043
2026-01-25,Basic Survival Kit,Bihyung - Dokkaebi Shop,-491
2026-01-26,Basic Survival Kit,Bihyung - Dokkaebi Shop,-1874
2026-01-27,Incarnation Achievement Reward,Star Stream Bureau,4751
2026-01-28,Scenario Skip Token,Upper Tier Dokkaebi,-1608
2026-01-29,Probability Stabilization Ticket,Star Stream Bureau,-979
2026-01-30,Hidden Scenario Bonus,Star Stream Bureau,2602
2026-01-31,Attribute Enhancement Elixir,Industrial Complex Dokkaebi,-670
2026-02-01,Fable Fragment Reward,Nameless Constellation,4200
2026-02-02,Basic Survival Kit,Bihyung - Dokkaebi Shop,-2224
2026-02-03,Hidden Scenario Bonus,Star Stream Bureau,3110
2026-02-04,Stigma Enhancement Scroll,Mid-Level Dokkaebi,-2775
2026-02-05,Stigma Enhancement Scroll,Mid-Level Dokkaebi,-673
2026-02-06,Constellation Gift,Abyssal Black Flame Dragon,4976
2026-02-07,Probability Stabilization Ticket,Star Stream Bureau,-2454
2026-02-08,Incarnation Achievement Reward,Star Stream Bureau,2578
2026-02-09,Scenario Skip Token,Upper Tier Dokkaebi,-1468
2026-02-10,Constellation Gift,Abyssal Black Flame Dragon,3165
2026-02-11,Stigma Enhancement Scroll,Mid-Level Dokkaebi,-2876
2026-02-12,Constellation Gift,Abyssal Black Flame Dragon,2290
2026-02-13,Stigma Enhancement Scroll,Mid-Level Dokkaebi,-1744
2026-02-14,Fable Fragment Reward,Nameless Constellation,1865
2026-02-15,Scenario Skip Token,Upper Tier Dokkaebi,-2775
2026-02-16,Attribute Enhancement Elixir,Industrial Complex Dokkaebi,-736
2026-02-17,Stigma Enhancement Scroll,Mid-Level Dokkaebi,-2314
2026-02-18,Sponsor Donation,Demon-like Judge of Fire,1475
2026-02-19,Fable Fragment Reward,Nameless Constellation,4022
2026-02-20,Stigma Enhancement Scroll,Mid-Level Dokkaebi,-1110
2026-02-21,Attribute Enhancement Elixir,Industrial Complex Dokkaebi,-1313
2026-02-22,Stigma Enhancement Scroll,Mid-Level Dokkaebi,-1764
2026-02-23,Stigma Enhancement Scroll,Mid-Level Dokkaebi,-2790
2026-02-24,Stigma Enhancement Scroll,Mid-Level Dokkaebi,-1739
2026-02-25,Scenario Skip Token,Upper Tier Dokkaebi,-2695
2026-02-26,Probability Stabilization Ticket,Star Stream Bureau,-1398
2026-02-27,Scenario Skip Token,Upper Tier Dokkaebi,-2999
2026-02-28,Scenario Skip Token,Upper Tier Dokkaebi,-1967
2026-03-01,Probability Stabilization Ticket,Star Stream Bureau,-1655
2026-03-02,Attribute Enhancement Elixir,Industrial Complex Dokkaebi,-2544
2026-03-03,Probability Stabilization Ticket,Star Stream Bureau,-1098
2026-03-04,Hidden Scenario Bonus,Star Stream Bureau,897
2026-03-05,Constellation Gift,Abyssal Black Flame Dragon,3542
2026-03-06,Constellation Gift,Abyssal Black Flame Dragon,2036
2026-03-07,Attribute Enhancement Elixir,Industrial Complex Dokkaebi,-2149
2026-03-08,Basic Survival Kit,Bihyung - Dokkaebi Shop,-2182
2026-03-09,Sponsor Donation,Demon-like Judge of Fire,4798
2026-03-10,Incarnation Achievement Reward,Star Stream Bureau,4135
2026-03-11,Stigma Enhancement Scroll,Mid-Level Dokkaebi,-1648
2026-03-12,Hidden Scenario Bonus,Star Stream Bureau,4479
2026-03-13,Scenario Skip Token,Upper Tier Dokkaebi,-1378
2026-03-14,Probability Stabilization Ticket,Star Stream Bureau,-2446
2026-03-15,Stigma Enhancement Scroll,Mid-Level Dokkaebi,-276
2026-03-16,Attribute Enhancement Elixir,Industrial Complex Dokkaebi,-1011
2026-03-17,Fable Fragment Reward,Nameless Constellation,3244
2026-03-18,Probability Stabilization Ticket,Star Stream Bureau,-2592
2026-03-19,Constellation Gift,Abyssal Black Flame Dragon,1521
2026-03-20,Stigma Enhancement Scroll,Mid-Level Dokkaebi,-2272
2026-03-21,Fable Fragment Reward,Nameless Constellation,955
2026-03-22,Scenario Skip Token,Upper Tier Dokkaebi,-564
2026-03-23,Stigma Enhancement Scroll,Mid-Level Dokkaebi,-1681
2026-03-24,Fable Fragment Reward,Nameless Constellation,1138
2026-03-25,Hidden Scenario Bonus,Star Stream Bureau,3745
2026-03-26,Scenario Skip Token,Upper Tier Dokkaebi,-190
2026-03-27,Probability Stabilization Ticket,Star Stream Bureau,-229
2026-03-28,Fable Fragment Reward,Nameless Constellation,3092
2026-03-29,Incarnation Achievement Reward,Star Stream Bureau,2169
2026-03-30,Incarnation Achievement Reward,Star Stream Bureau,1598
2026-03-31,Incarnation Achievement Reward,Star Stream Bureau,1086
2026-04-01,Attribute Enhancement Elixir,Industrial Complex Dokkaebi,-2432
2026-04-02,Hidden Scenario Bonus,Star Stream Bureau,902
2026-04-03,Constellation Gift,Abyssal Black Flame Dragon,2699
2026-04-04,Sponsor Donation,Demon-like Judge of Fire,539
2026-04-05,Sponsor Donation,Demon-like Judge of Fire,731
2026-04-06,Attribute Enhancement Elixir,Industrial Complex Dokkaebi,-1305
2026-04-07,Stigma Enhancement Scroll,Mid-Level Dokkaebi,-2405
2026-04-08,Scenario Skip Token,Upper Tier Dokkaebi,-1930
2026-04-09,Sponsor Donation,Demon-like Judge of Fire,1722
2026-04-10,Stigma Enhancement Scroll,Mid-Level Dokkaebi,-1520
2026-04-11,Basic Survival Kit,Bihyung - Dokkaebi Shop,-2887
2026-04-12,Attribute Enhancement Elixir,Industrial Complex Dokkaebi,-2048
2026-04-13,Hidden Scenario Bonus,Star Stream Bureau,1490
2026-04-14,Probability Stabilization Ticket,Star Stream Bureau,-194
2026-04-15,Sponsor Donation,Demon-like Judge of Fire,2584
2026-04-16,Constellation Gift,Abyssal Black Flame Dragon,2261
2026-04-17,Scenario Skip Token,Upper Tier Dokkaebi,-2917
2026-04-18,Fable Fragment Reward,Nameless Constellation,2557
2026-04-19,Hidden Scenario Bonus,Star Stream Bureau,4969
2026-04-20,Fable Fragment Reward,Nameless Constellation,3099
2026-04-21,Attribute Enhancement Elixir,Industrial Complex Dokkaebi,-1541
2026-04-22,Probability Stabilization Ticket,Star Stream Bureau,-2060
2026-04-23,Basic Survival Kit,Bihyung - Dokkaebi Shop,-1453
2026-04-24,Probability Stabilization Ticket,Star Stream Bureau,-2427
2026-04-25,Constellation Gift,Abyssal Black Flame Dragon,3519
2026-04-26,Incarnation Achievement Reward,Star Stream Bureau,2526
2026-04-27,Scenario Skip Token,Upper Tier Dokkaebi,-829
2026-04-28,Attribute Enhancement Elixir,Industrial Complex Dokkaebi,-2308
2026-04-29,Constellation Gift,Abyssal Black Flame Dragon,2432
2026-04-30,Fable Fragment Reward,Nameless Constellation,910
2026-01-01,Constellation Gift,Abyssal Black Flame Dragon,1000
2026-01-02,Basic Survival Kit,Bihyung - Dokkaebi Shop,-2051
2026-01-03,Probability Stabilization Ticket,Star Stream Bureau,-2796
2026-01-04,Constellation Gift,Abyssal Black Flame Dragon,2953
2026-01-05,Scenario Skip Token,Upper Tier Dokkaebi,-828
2026-01-06,Hidden Scenario Bonus,Star Stream Bureau,1194
2026-01-07,Constellation Gift,Abyssal Black Flame Dragon,2763
2026-01-08,Constellation Gift,Abyssal Black Flame Dragon,2747
2026-01-09,Hidden Scenario Bonus,Star Stream Bureau,4218
2026-01-10,Attribute Enhancement Elixir,Industrial Complex Dokkaebi,-2877
2026-01-11,Fable Fragment Reward,Nameless Constellation,3781
2026-01-12,Scenario Skip Token,Upper Tier Dokkaebi,-428
2026-01-13,Basic Survival Kit,Bihyung - Dokkaebi Shop,-1583
2026-01-14,Sponsor Donation,Demon-like Judge of Fire,4655
2026-01-15,Constellation Gift,Abyssal Black Flame Dragon,2662
2026-01-16,Scenario Skip Token,Upper Tier Dokkaebi,-780
2026-01-17,Constellation Gift,Abyssal Black Flame Dragon,1521
2026-01-18,Hidden Scenario Bonus,Star Stream Bureau,4392
2026-01-19,Attribute Enhancement Elixir,Industrial Complex Dokkaebi,-1062
2026-01-20,Scenario Skip Token,Upper Tier Dokkaebi,-1005
2026-01-21,Hidden Scenario Bonus,Star Stream Bureau,4097
2026-01-22,Incarnation Achievement Reward,Star Stream Bureau,2306
2026-01-23,Hidden Scenario Bonus,Star Stream Bureau,4317
2026-01-24,Sponsor Donation,Demon-like Judge of Fire,606
2026-01-25,Incarnation Achievement Reward,Star Stream Bureau,4629
2026-01-26,Sponsor Donation,Demon-like Judge of Fire,2059
2026-01-27,Sponsor Donation,Demon-like Judge of Fire,4874
2026-01-28,Constellation Gift,Abyssal Black Flame Dragon,1178
2026-01-29,Probability Stabilization Ticket,Star Stream Bureau,-1541
2026-01-30,Attribute Enhancement Elixir,Industrial Complex Dokkaebi,-2892
2026-01-31,Incarnation Achievement Reward,Star Stream Bureau,708
2026-02-01,Stigma Enhancement Scroll,Mid-Level Dokkaebi,-2706
2026-02-02,Basic Survival Kit,Bihyung - Dokkaebi Shop,-2096
2026-02-03,Fable Fragment Reward,Nameless Constellation,1372
2026-02-04,Incarnation Achievement Reward,Star Stream Bureau,3950
2026-02-05,Hidden Scenario Bonus,Star Stream Bureau,1577
2026-02-06,Constellation Gift,Abyssal Black Flame Dragon,723
2026-02-07,Basic Survival Kit,Bihyung - Dokkaebi Shop,-418
2026-02-08,Incarnation Achievement Reward,Star Stream Bureau,2113
2026-02-09,Stigma Enhancement Scroll,Mid-Level Dokkaebi,-1868
2026-02-10,Basic Survival Kit,Bihyung - Dokkaebi Shop,-1744
2026-02-11,Scenario Skip Token,Upper Tier Dokkaebi,-1226
2026-02-12,Fable Fragment Reward,Nameless Constellation,1798
2026-02-13,Sponsor Donation,Demon-like Judge of Fire,4338
2026-02-14,Constellation Gift,Abyssal Black Flame Dragon,3368
2026-02-15,Constellation Gift,Abyssal Black Flame Dragon,1844
2026-02-16,Fable Fragment Reward,Nameless Constellation,2558
2026-02-17,Basic Survival Kit,Bihyung - Dokkaebi Shop,-465
2026-02-18,Fable Fragment Reward,Nameless Constellation,2676
2026-02-19,Constellation Gift,Abyssal Black Flame Dragon,1010
2026-02-20,Fable Fragment Reward,Nameless Constellation,2797
2026-02-21,Sponsor Donation,Demon-like Judge of Fire,3832
2026-02-22,Incarnation Achievement Reward,Star Stream Bureau,4056
2026-02-23,Attribute Enhancement Elixir,Industrial Complex Dokkaebi,-2651
2026-02-24,Constellation Gift,Abyssal Black Flame Dragon,3644
2026-02-25,Probability Stabilization Ticket,Star Stream Bureau,-2988
2026-02-26,Stigma Enhancement Scroll,Mid-Level Dokkaebi,-2718
2026-02-27,Sponsor Donation,Demon-like Judge of Fire,3156
2026-02-28,Constellation Gift,Abyssal Black Flame Dragon,1869
2026-03-01,Probability Stabilization Ticket,Star Stream Bureau,-1845
2026-03-02,Constellation Gift,Abyssal Black Flame Dragon,4650
2026-03-03,Hidden Scenario Bonus,Star Stream Bureau,4394
2026-03-04,Incarnation Achievement Reward,Star Stream Bureau,2284
2026-03-05,Stigma Enhancement Scroll,Mid-Level Dokkaebi,-1491
2026-03-06,Basic Survival Kit,Bihyung - Dokkaebi Shop,-2477
2026-03-07,Hidden Scenario Bonus,Star Stream Bureau,1313
2026-03-08,Attribute Enhancement Elixir,Industrial Complex Dokkaebi,-2922
2026-03-09,Fable Fragment Reward,Nameless Constellation,4804
2026-03-10,Constellation Gift,Abyssal Black Flame Dragon,1984
2026-03-11,Fable Fragment Reward,Nameless Constellation,1933
2026-03-12,Probability Stabilization Ticket,Star Stream Bureau,-2970
2026-03-13,Fable Fragment Reward,Nameless Constellation,3920
2026-03-14,Fable Fragment Reward,Nameless Constellation,4519
2026-03-15,Attribute Enhancement Elixir,Industrial Complex Dokkaebi,-1963
2026-03-16,Basic Survival Kit,Bihyung - Dokkaebi Shop,-2850
2026-03-17,Incarnation Achievement Reward,Star Stream Bureau,1391
2026-03-18,Fable Fragment Reward,Nameless Constellation,1671
2026-03-19,Constellation Gift,Abyssal Black Flame Dragon,1119
2026-03-20,Sponsor Donation,Demon-like Judge of Fire,3277
2026-03-21,Incarnation Achievement Reward,Star Stream Bureau,3777
2026-03-22,Incarnation Achievement Reward,Star Stream Bureau,4769
2026-03-23,Stigma Enhancement Scroll,Mid-Level Dokkaebi,-2305
2026-03-24,Hidden Scenario Bonus,Star Stream Bureau,3197
2026-03-25,Incarnation Achievement Reward,Star Stream Bureau,4383
2026-03-26,Incarnation Achievement Reward,Star Stream Bureau,650
2026-03-27,Hidden Scenario Bonus,Star Stream Bureau,3860
2026-03-28,Probability Stabilization Ticket,Star Stream Bureau,-655
2026-03-29,Probability Stabilization Ticket,Star Stream Bureau,-1798
2026-03-30,Stigma Enhancement Scroll,Mid-Level Dokkaebi,-2913
2026-03-31,Stigma Enhancement Scroll,Mid-Level Dokkaebi,-361
2026-04-01,Scenario Skip Token,Upper Tier Dokkaebi,-129
2026-04-02,Stigma Enhancement Scroll,Mid-Level Dokkaebi,-2839
2026-04-03,Incarnation Achievement Reward,Star Stream Bureau,2123
2026-04-04,Probability Stabilization Ticket,Star Stream Bureau,-1773
2026-04-05,Basic Survival Kit,Bihyung - Dokkaebi Shop,-1909
2026-04-06,Constellation Gift,Abyssal Black Flame Dragon,4104
2026-04-07,Stigma Enhancement Scroll,Mid-Level Dokkaebi,-1199
2026-04-08,Stigma Enhancement Scroll,Mid-Level Dokkaebi,-1760
2026-04-09,Attribute Enhancement Elixir,Industrial Complex Dokkaebi,-561
2026-04-10,Scenario Skip Token,Upper Tier Dokkaebi,-2587
2026-04-11,Attribute Enhancement Elixir,Industrial Complex Dokkaebi,-2819
2026-04-12,Incarnation Achievement Reward,Star Stream Bureau,3865
2026-04-13,Probability Stabilization Ticket,Star Stream Bureau,-305
2026-04-14,Basic Survival Kit,Bihyung - Dokkaebi Shop,-1316
2026-04-15,Stigma Enhancement Scroll,Mid-Level Dokkaebi,-1663
2026-04-16,Scenario Skip Token,Upper Tier Dokkaebi,-1074
2026-04-17,Fable Fragment Reward,Nameless Constellation,3532
2026-04-18,Basic Survival Kit,Bihyung - Dokkaebi Shop,-1772
2026-04-19,Fable Fragment Reward,Nameless Constellation,3302
2026-04-20,Fable Fragment Reward,Nameless Constellation,4874
2026-04-21,Hidden Scenario Bonus,Star Stream Bureau,4321
2026-04-22,Basic Survival Kit,Bihyung - Dokkaebi Shop,-1170
2026-04-23,Sponsor Donation,Demon-like Judge of Fire,1508
2026-04-24,Sponsor Donation,Demon-like Judge of Fire,3067
2026-04-25,Probability Stabilization Ticket,Star Stream Bureau,-240
2026-04-26,Attribute Enhancement Elixir,Industrial Complex Dokkaebi,-1272
2026-04-27,Scenario Skip Token,Upper Tier Dokkaebi,-477
2026-04-28,Sponsor Donation,Demon-like Judge of Fire,1148
2026-04-29,Stigma Enhancement Scroll,Mid-Level Dokkaebi,-2142
2026-04-30,Stigma Enhancement Scroll,Mid-Level Dokkaebi,-378
2026-01-01,Stigma Enhancement Scroll,Mid-Level Dokkaebi,-1372
2026-01-02,Hidden Scenario Bonus,Star Stream Bureau,2923
2026-01-03,Incarnation Achievement Reward,Star Stream Bureau,518
2026-01-04,Probability Stabilization Ticket,Star Stream Bureau,-1327
2026-01-05,Basic Survival Kit,Bihyung - Dokkaebi Shop,-161
2026-01-06,Attribute Enhancement Elixir,Industrial Complex Dokkaebi,-1436
2026-01-07,Fable Fragment Reward,Nameless Constellation,2324
2026-01-08,Sponsor Donation,Demon-like Judge of Fire,4945
2026-01-09,Basic Survival Kit,Bihyung - Dokkaebi Shop,-1012
2026-01-10,Sponsor Donation,Demon-like Judge of Fire,4787
2026-01-11,Basic Survival Kit,Bihyung - Dokkaebi Shop,-2766
2026-01-12,Sponsor Donation,Demon-like Judge of Fire,2703
2026-01-13,Probability Stabilization Ticket,Star Stream Bureau,-2824
2026-01-14,Attribute Enhancement Elixir,Industrial Complex Dokkaebi,-1258
2026-01-15,Probability Stabilization Ticket,Star Stream Bureau,-2636
2026-01-16,Attribute Enhancement Elixir,Industrial Complex Dokkaebi,-1317
2026-01-17,Hidden Scenario Bonus,Star Stream Bureau,2444
2026-01-18,Attribute Enhancement Elixir,Industrial Complex Dokkaebi,-374
2026-01-19,Fable Fragment Reward,Nameless Constellation,1495
2026-01-20,Scenario Skip Token,Upper Tier Dokkaebi,-459
2026-01-21,Hidden Scenario Bonus,Star Stream Bureau,2841
2026-01-22,Incarnation Achievement Reward,Star Stream Bureau,3405
2026-01-23,Sponsor Donation,Demon-like Judge of Fire,2871
2026-01-24,Incarnation Achievement Reward,Star Stream Bureau,4124
2026-01-25,Basic Survival Kit,Bihyung - Dokkaebi Shop,-494
2026-01-26,Stigma Enhancement Scroll,Mid-Level Dokkaebi,-490
2026-01-27,Basic Survival Kit,Bihyung - Dokkaebi Shop,-1651
2026-01-28,Sponsor Donation,Demon-like Judge of Fire,2554
2026-01-29,Fable Fragment Reward,Nameless Constellation,4834
2026-01-30,Hidden Scenario Bonus,Star Stream Bureau,2524
2026-01-31,Fable Fragment Reward,Nameless Constellation,4696
2026-02-01,Fable Fragment Reward,Nameless Constellation,1380
2026-02-02,Basic Survival Kit,Bihyung - Dokkaebi Shop,-1143
2026-02-03,Incarnation Achievement Reward,Star Stream Bureau,3209
2026-02-04,Fable Fragment Reward,Nameless Constellation,3775
2026-02-05,Fable Fragment Reward,Nameless Constellation,3469
2026-02-06,Fable Fragment Reward,Nameless Constellation,3930
2026-02-07,Sponsor Donation,Demon-like Judge of Fire,4741
2026-02-08,Scenario Skip Token,Upper Tier Dokkaebi,-1350
2026-02-09,Fable Fragment Reward,Nameless Constellation,4677
2026-02-10,Stigma Enhancement Scroll,Mid-Level Dokkaebi,-1351
2026-02-11,Stigma Enhancement Scroll,Mid-Level Dokkaebi,-2921
2026-02-12,Incarnation Achievement Reward,Star Stream Bureau,3484
2026-02-13,Basic Survival Kit,Bihyung - Dokkaebi Shop,-713
2026-02-14,Hidden Scenario Bonus,Star Stream Bureau,3403
2026-02-15,Basic Survival Kit,Bihyung - Dokkaebi Shop,-1385
2026-02-16,Scenario Skip Token,Upper Tier Dokkaebi,-2661
2026-02-17,Scenario Skip Token,Upper Tier Dokkaebi,-1214
2026-02-18,Incarnation Achievement Reward,Star Stream Bureau,748
2026-02-19,Basic Survival Kit,Bihyung - Dokkaebi Shop,-881
2026-02-20,Incarnation Achievement Reward,Star Stream Bureau,1718
2026-02-21,Stigma Enhancement Scroll,Mid-Level Dokkaebi,-713
2026-02-22,Attribute Enhancement Elixir,Industrial Complex Dokkaebi,-1036
2026-02-23,Fable Fragment Reward,Nameless Constellation,4925
2026-02-24,Basic Survival Kit,Bihyung - Dokkaebi Shop,-1963
2026-02-25,Basic Survival Kit,Bihyung - Dokkaebi Shop,-1714
2026-02-26,Constellation Gift,Abyssal Black Flame Dragon,2871
2026-02-27,Basic Survival Kit,Bihyung - Dokkaebi Shop,-2193
2026-02-28,Incarnation Achievement Reward,Star Stream Bureau,626
2026-03-01,Stigma Enhancement Scroll,Mid-Level Dokkaebi,-831
2026-03-02,Scenario Skip Token,Upper Tier Dokkaebi,-126
2026-03-03,Hidden Scenario Bonus,Star Stream Bureau,2796
2026-03-04,Fable Fragment Reward,Nameless Constellation,1710
2026-03-05,Incarnation Achievement Reward,Star Stream Bureau,4543
2026-03-06,Attribute Enhancement Elixir,Industrial Complex Dokkaebi,-688
2026-03-07,Attribute Enhancement Elixir,Industrial Complex Dokkaebi,-2768
2026-03-08,Fable Fragment Reward,Nameless Constellation,2805
2026-03-09,Incarnation Achievement Reward,Star Stream Bureau,4085
2026-03-10,Hidden Scenario Bonus,Star Stream Bureau,1369
2026-03-11,Incarnation Achievement Reward,Star Stream Bureau,964
2026-03-12,Stigma Enhancement Scroll,Mid-Level Dokkaebi,-1062
2026-03-13,Constellation Gift,Abyssal Black Flame Dragon,4271
2026-03-14,Hidden Scenario Bonus,Star Stream Bureau,4889
2026-03-15,Sponsor Donation,Demon-like Judge of Fire,2564
2026-03-16,Sponsor Donation,Demon-like Judge of Fire,3304
2026-03-17,Incarnation Achievement Reward,Star Stream Bureau,1392
2026-03-18,Sponsor Donation,Demon-like Judge of Fire,1349
2026-03-19,Incarnation Achievement Reward,Star Stream Bureau,4154
2026-03-20,Basic Survival Kit,Bihyung - Dokkaebi Shop,-2178
2026-03-21,Stigma Enhancement Scroll,Mid-Level Dokkaebi,-1943
2026-03-22,Hidden Scenario Bonus,Star Stream Bureau,3574
2026-03-23,Stigma Enhancement Scroll,Mid-Level Dokkaebi,-265
2026-03-24,Probability Stabilization Ticket,Star Stream Bureau,-202
2026-03-25,Fable Fragment Reward,Nameless Constellation,3229
2026-03-26,Attribute Enhancement Elixir,Industrial Complex Dokkaebi,-1588
2026-03-27,Fable Fragment Reward,Nameless Constellation,4467
2026-03-28,Basic Survival Kit,Bihyung - Dokkaebi Shop,-1447
2026-03-29,Incarnation Achievement Reward,Star Stream Bureau,3889
2026-03-30,Constellation Gift,Abyssal Black Flame Dragon,4592
2026-03-31,Probability Stabilization Ticket,Star Stream Bureau,-2780
2026-04-01,Stigma Enhancement Scroll,Mid-Level Dokkaebi,-164
2026-04-02,Scenario Skip Token,Upper Tier Dokkaebi,-1483
2026-04-03,Fable Fragment Reward,Nameless Constellation,2090
2026-04-04,Scenario Skip Token,Upper Tier Dokkaebi,-1727
2026-04-05,Sponsor Donation,Demon-like Judge of Fire,4898
2026-04-06,Constellation Gift,Abyssal Black Flame Dragon,832
2026-04-07,Basic Survival Kit,Bihyung - Dokkaebi Shop,-717
2026-04-08,Fable Fragment Reward,Nameless Constellation,2716
2026-04-09,Probability Stabilization Ticket,Star Stream Bureau,-706
2026-04-10,Hidden Scenario Bonus,Star Stream Bureau,2625
2026-04-11,Attribute Enhancement Elixir,Industrial Complex Dokkaebi,-567
2026-04-12,Scenario Skip Token,Upper Tier Dokkaebi,-499
2026-04-13,Stigma Enhancement Scroll,Mid-Level Dokkaebi,-2505
2026-04-14,Hidden Scenario Bonus,Star Stream Bureau,3999
2026-04-15,Sponsor Donation,Demon-like Judge of Fire,1227
2026-04-16,Hidden Scenario Bonus,Star Stream Bureau,3477
2026-04-17,Fable Fragment Reward,Nameless Constellation,2971
2026-04-18,Probability Stabilization Ticket,Star Stream Bureau,-2963
2026-04-19,Basic Survival Kit,Bihyung - Dokkaebi Shop,-433
2026-04-20,Stigma Enhancement Scroll,Mid-Level Dokkaebi,-413
2026-04-21,Sponsor Donation,Demon-like Judge of Fire,3854
2026-04-22,Incarnation Achievement Reward,Star Stream Bureau,1041
2026-04-23,Probability Stabilization Ticket,Star Stream Bureau,-2755
2026-04-24,Probability Stabilization Ticket,Star Stream Bureau,-621
2026-04-25,Constellation Gift,Abyssal Black Flame Dragon,765
2026-04-26,Fable Fragment Reward,Nameless Constellation,2968
2026-04-27,Stigma Enhancement Scroll,Mid-Level Dokkaebi,-1030
2026-04-28,Sponsor Donation,Demon-like Judge of Fire,4460
2026-04-29,Stigma Enhancement Scroll,Mid-Level Dokkaebi,-2767
2026-04-30,Incarnation Achievement Reward,Star Stream Bureau,3074
2026-01-01,Scenario Skip Token,Upper Tier Dokkaebi,-2501
2026-01-02,Constellation Gift,Abyssal Black Flame Dragon,3800
2026-01-03,Scenario Skip Token,Upper Tier Dokkaebi,-2739
2026-01-04,Sponsor Donation,Demon-like Judge of Fire,1238
2026-01-05,Incarnation Achievement Reward,Star Stream Bureau,2988
2026-01-06,Constellation Gift,Abyssal Black Flame Dragon,2448
2026-01-07,Scenario Skip Token,Upper Tier Dokkaebi,-697
2026-01-08,Fable Fragment Reward,Nameless Constellation,2399
2026-01-09,Probability Stabilization Ticket,Star Stream Bureau,-2589
2026-01-10,Basic Survival Kit,Bihyung - Dokkaebi Shop,-594
2026-01-11,Hidden Scenario Bonus,Star Stream Bureau,3589
2026-01-12,Fable Fragment Reward,Nameless Constellation,3820
2026-01-13,Constellation Gift,Abyssal Black Flame Dragon,1206
2026-01-14,Hidden Scenario Bonus,Star Stream Bureau,2834
2026-01-15,Scenario Skip Token,Upper Tier Dokkaebi,-1261
2026-01-16,Constellation Gift,Abyssal Black Flame Dragon,4019
2026-01-17,Constellation Gift,Abyssal Black Flame Dragon,2513
2026-01-18,Attribute Enhancement Elixir,Industrial Complex Dokkaebi,-501
2026-01-19,Constellation Gift,Abyssal Black Flame Dragon,4111
2026-01-20,Basic Survival Kit,Bihyung - Dokkaebi Shop,-361
2026-01-21,Attribute Enhancement Elixir,Industrial Complex Dokkaebi,-554
2026-01-22,Fable Fragment Reward,Nameless Constellation,1327
2026-01-23,Basic Survival Kit,Bihyung - Dokkaebi Shop,-2684
2026-01-24,Fable Fragment Reward,Nameless Constellation,2517
2026-01-25,Basic Survival Kit,Bihyung - Dokkaebi Shop,-266
2026-01-26,Fable Fragment Reward,Nameless Constellation,3796
2026-01-27,Scenario Skip Token,Upper Tier Dokkaebi,-1254
2026-01-28,Incarnation Achievement Reward,Star Stream Bureau,3903
2026-01-29,Stigma Enhancement Scroll,Mid-Level Dokkaebi,-1906
2026-01-30,Scenario Skip Token,Upper Tier Dokkaebi,-1904
2026-01-31,Attribute Enhancement Elixir,Industrial Complex Dokkaebi,-466
2026-02-01,Basic Survival Kit,Bihyung - Dokkaebi Shop,-2576
2026-02-02,Sponsor Donation,Demon-like Judge of Fire,3538
2026-02-03,Incarnation Achievement Reward,Star Stream Bureau,1679
2026-02-04,Fable Fragment Reward,Nameless Constellation,3020
2026-02-05,Probability Stabilization Ticket,Star Stream Bureau,-425
2026-02-06,Attribute Enhancement Elixir,Industrial Complex Dokkaebi,-689
2026-02-07,Sponsor Donation,Demon-like Judge of Fire,4042
2026-02-08,Incarnation Achievement Reward,Star Stream Bureau,3522
2026-02-09,Scenario Skip Token,Upper Tier Dokkaebi,-2703
2026-02-10,Sponsor Donation,Demon-like Judge of Fire,3050
2026-02-11,Sponsor Donation,Demon-like Judge of Fire,549
2026-02-12,Incarnation Achievement Reward,Star Stream Bureau,3154
2026-02-13,Hidden Scenario Bonus,Star Stream Bureau,4247
2026-02-14,Sponsor Donation,Demon-like Judge of Fire,3417
2026-02-15,Attribute Enhancement Elixir,Industrial Complex Dokkaebi,-1982
2026-02-16,Sponsor Donation,Demon-like Judge of Fire,3964
2026-02-17,Stigma Enhancement Scroll,Mid-Level Dokkaebi,-1456
2026-02-18,Stigma Enhancement Scroll,Mid-Level Dokkaebi,-161
2026-02-19,Constellation Gift,Abyssal Black Flame Dragon,911
2026-02-20,Stigma Enhancement Scroll,Mid-Level Dokkaebi,-1874
2026-02-21,Sponsor Donation,Demon-like Judge of Fire,3783
2026-02-22,Stigma Enhancement Scroll,Mid-Level Dokkaebi,-1571
2026-02-23,Attribute Enhancement Elixir,Industrial Complex Dokkaebi,-1402
2026-02-24,Probability Stabilization Ticket,Star Stream Bureau,-1357
2026-02-25,Sponsor Donation,Demon-like Judge of Fire,3942
2026-02-26,Constellation Gift,Abyssal Black Flame Dragon,2397
2026-02-27,Fable Fragment Reward,Nameless Constellation,1242
2026-02-28,Incarnation Achievement Reward,Star Stream Bureau,809
2026-03-01,Constellation Gift,Abyssal Black Flame Dragon,4964
2026-03-02,Constellation Gift,Abyssal Black Flame Dragon,1838
2026-03-03,Fable Fragment Reward,Nameless Constellation,3318
2026-03-04,Sponsor Donation,Demon-like Judge of Fire,1595
2026-03-05,Probability Stabilization Ticket,Star Stream Bureau,-1712
2026-03-06,Hidden Scenario Bonus,Star Stream Bureau,1814
2026-03-07,Incarnation Achievement Reward,Star Stream Bureau,794
2026-03-08,Basic Survival Kit,Bihyung - Dokkaebi Shop,-379
2026-03-09,Hidden Scenario Bonus,Star Stream Bureau,3748
2026-03-10,Sponsor Donation,Demon-like Judge of Fire,830
2026-03-11,Incarnation Achievement Reward,Star Stream Bureau,1924
2026-03-12,Stigma Enhancement Scroll,Mid-Level Dokkaebi,-404
2026-03-13,Hidden Scenario Bonus,Star Stream Bureau,1982
2026-03-14,Stigma Enhancement Scroll,Mid-Level Dokkaebi,-2283
2026-03-15,Scenario Skip Token,Upper Tier Dokkaebi,-1880
2026-03-16,Probability Stabilization Ticket,Star Stream Bureau,-1119
2026-03-17,Sponsor Donation,Demon-like Judge of Fire,4305
2026-03-18,Constellation Gift,Abyssal Black Flame Dragon,1204
2026-03-19,Basic Survival Kit,Bihyung - Dokkaebi Shop,-2572
2026-03-20,Fable Fragment Reward,Nameless Constellation,3886
2026-03-21,Stigma Enhancement Scroll,Mid-Level Dokkaebi,-2272
2026-03-22,Scenario Skip Token,Upper Tier Dokkaebi,-738
2026-03-23,Constellation Gift,Abyssal Black Flame Dragon,4906
2026-03-24,Incarnation Achievement Reward,Star Stream Bureau,3473
2026-03-25,Probability Stabilization Ticket,Star Stream Bureau,-2384
2026-03-26,Basic Survival Kit,Bihyung - Dokkaebi Shop,-884
2026-03-27,Basic Survival Kit,Bihyung - Dokkaebi Shop,-2776
2026-03-28,Hidden Scenario Bonus,Star Stream Bureau,2306
2026-03-29,Incarnation Achievement Reward,Star Stream Bureau,1237
2026-03-30,Sponsor Donation,Demon-like Judge of Fire,3368
2026-03-31,Basic Survival Kit,Bihyung - Dokkaebi Shop,-2660
2026-04-01,Scenario Skip Token,Upper Tier Dokkaebi,-1062
2026-04-02,Scenario Skip Token,Upper Tier Dokkaebi,-2546
2026-04-03,Probability Stabilization Ticket,Star Stream Bureau,-1468
2026-04-04,Attribute Enhancement Elixir,Industrial Complex Dokkaebi,-763
2026-04-05,Attribute Enhancement Elixir,Industrial Complex Dokkaebi,-1893
2026-04-06,Stigma Enhancement Scroll,Mid-Level Dokkaebi,-689
2026-04-07,Stigma Enhancement Scroll,Mid-Level Dokkaebi,-1008
2026-04-08,Scenario Skip Token,Upper Tier Dokkaebi,-2557
2026-04-09,Stigma Enhancement Scroll,Mid-Level Dokkaebi,-2602
2026-04-10,Stigma Enhancement Scroll,Mid-Level Dokkaebi,-520
2026-04-11,Constellation Gift,Abyssal Black Flame Dragon,4958
2026-04-12,Scenario Skip Token,Upper Tier Dokkaebi,-2061
2026-04-13,Stigma Enhancement Scroll,Mid-Level Dokkaebi,-1975
2026-04-14,Probability Stabilization Ticket,Star Stream Bureau,-447
2026-04-15,Sponsor Donation,Demon-like Judge of Fire,3487
2026-04-16,Basic Survival Kit,Bihyung - Dokkaebi Shop,-869
2026-04-17,Basic Survival Kit,Bihyung - Dokkaebi Shop,-1937
2026-04-18,Scenario Skip Token,Upper Tier Dokkaebi,-978
2026-04-19,Probability Stabilization Ticket,Star Stream Bureau,-1459
2026-04-20,Incarnation Achievement Reward,Star Stream Bureau,2960
2026-04-21,Sponsor Donation,Demon-like Judge of Fire,1463
2026-04-22,Sponsor Donation,Demon-like Judge of Fire,3235
2026-04-23,Basic Survival Kit,Bihyung - Dokkaebi Shop,-526
2026-04-24,Stigma Enhancement Scroll,Mid-Level Dokkaebi,-2260
2026-04-25,Stigma Enhancement Scroll,Mid-Level Dokkaebi,-2629
2026-04-26,Attribute Enhancement Elixir,Industrial Complex Dokkaebi,-583
2026-04-27,Scenario Skip Token,Upper Tier Dokkaebi,-2449
2026-04-28,Sponsor Donation,Demon-like Judge of Fire,3393
2026-04-29,Constellation Gift,Abyssal Black Flame Dragon,1215
2026-04-30,Hidden Scenario Bonus,Star Stream Bureau,3132
2026-01-01,Incarnation Achievement Reward,Star Stream Bureau,4208
2026-01-02,Stigma Enhancement Scroll,Mid-Level Dokkaebi,-200
2026-01-03,Stigma Enhancement Scroll,Mid-Level Dokkaebi,-2763
2026-01-04,Sponsor Donation,Demon-like Judge of Fire,994
2026-01-05,Probability Stabilization Ticket,Star Stream Bureau,-1812
2026-01-06,Hidden Scenario Bonus,Star Stream Bureau,2033
2026-01-07,Probability Stabilization Ticket,Star Stream Bureau,-523
2026-01-08,Probability Stabilization Ticket,Star Stream Bureau,-604
2026-01-09,Incarnation Achievement Reward,Star Stream Bureau,1930
2026-01-10,Stigma Enhancement Scroll,Mid-Level Dokkaebi,-1933
2026-01-11,Fable Fragment Reward,Nameless Constellation,3415
2026-01-12,Hidden Scenario Bonus,Star Stream Bureau,528
2026-01-13,Basic Survival Kit,Bihyung - Dokkaebi Shop,-1422
2026-01-14,Incarnation Achievement Reward,Star Stream Bureau,2021
2026-01-15,Hidden Scenario Bonus,Star Stream Bureau,2790
2026-01-16,Attribute Enhancement Elixir,Industrial Complex Dokkaebi,-2303
2026-01-17,Attribute Enhancement Elixir,Industrial Complex Dokkaebi,-1594
2026-01-18,Fable Fragment Reward,Nameless Constellation,1438
2026-01-19,Stigma Enhancement Scroll,Mid-Level Dokkaebi,-694
2026-01-20,Fable Fragment Reward,Nameless Constellation,1816
2026-01-21,Attribute Enhancement Elixir,Industrial Complex Dokkaebi,-2566
2026-01-22,Incarnation Achievement Reward,Star Stream Bureau,2325
2026-01-23,Scenario Skip Token,Upper Tier Dokkaebi,-2778
2026-01-24,Attribute Enhancement Elixir,Industrial Complex Dokkaebi,-1461
2026-01-25,Fable Fragment Reward,Nameless Constellation,2577
2026-01-26,Hidden Scenario Bonus,Star Stream Bureau,2733
2026-01-27,Stigma Enhancement Scroll,Mid-Level Dokkaebi,-1075
2026-01-28,Scenario Skip Token,Upper Tier Dokkaebi,-2737
2026-01-29,Constellation Gift,Abyssal Black Flame Dragon,3802
2026-01-30,Attribute Enhancement Elixir,Industrial Complex Dokkaebi,-239
2026-01-31,Incarnation Achievement Reward,Star Stream Bureau,4255
2026-02-01,Sponsor Donation,Demon-like Judge of Fire,2211
2026-02-02,Stigma Enhancement Scroll,Mid-Level Dokkaebi,-2022
2026-02-03,Stigma Enhancement Scroll,Mid-Level Dokkaebi,-1434
2026-02-04,Stigma Enhancement Scroll,Mid-Level Dokkaebi,-1200
2026-02-05,Constellation Gift,Abyssal Black Flame Dragon,2480
2026-02-06,Stigma Enhancement Scroll,Mid-Level Dokkaebi,-347
2026-02-07,Hidden Scenario Bonus,Star Stream Bureau,1896
2026-02-08,Hidden Scenario Bonus,Star Stream Bureau,2760
2026-02-09,Probability Stabilization Ticket,Star Stream Bureau,-2184
2026-02-10,Scenario Skip Token,Upper Tier Dokkaebi,-2752
2026-02-11,Scenario Skip Token,Upper Tier Dokkaebi,-2854
2026-02-12,Stigma Enhancement Scroll,Mid-Level Dokkaebi,-2907
2026-02-13,Constellation Gift,Abyssal Black Flame Dragon,1346
2026-02-14,Scenario Skip Token,Upper Tier Dokkaebi,-2048
2026-02-15,Probability Stabilization Ticket,Star Stream Bureau,-740
2026-02-16,Basic Survival Kit,Bihyung - Dokkaebi Shop,-473
2026-02-17,Incarnation Achievement Reward,Star Stream Bureau,3704
2026-02-18,Attribute Enhancement Elixir,Industrial Complex Dokkaebi,-1469
2026-02-19,Sponsor Donation,Demon-like Judge of Fire,3172
2026-02-20,Sponsor Donation,Demon-like Judge of Fire,1685
2026-02-21,Basic Survival Kit,Bihyung - Dokkaebi Shop,-2916
2026-02-22,Basic Survival Kit,Bihyung - Dokkaebi Shop,-317
2026-02-23,Probability Stabilization Ticket,Star Stream Bureau,-2741
2026-02-24,Probability Stabilization Ticket,Star Stream Bureau,-1898
2026-02-25,Hidden Scenario Bonus,Star Stream Bureau,1598
2026-02-26,Constellation Gift,Abyssal Black Flame Dragon,1323
2026-02-27,Scenario Skip Token,Upper Tier Dokkaebi,-2229
2026-02-28,Fable Fragment Reward,Nameless Constellation,1102
2026-03-01,Sponsor Donation,Demon-like Judge of Fire,2006
2026-03-02,Attribute Enhancement Elixir,Industrial Complex Dokkaebi,-2840
2026-03-03,Hidden Scenario Bonus,Star Stream Bureau,1223
2026-03-04,Probability Stabilization Ticket,Star Stream Bureau,-1636
2026-03-05,Scenario Skip Token,Upper Tier Dokkaebi,-1012
2026-03-06,Constellation Gift,Abyssal Black Flame Dragon,4707
2026-03-07,Sponsor Donation,Demon-like Judge of Fire,682
2026-03-08,Hidden Scenario Bonus,Star Stream Bureau,1212
2026-03-09,Incarnation Achievement Reward,Star Stream Bureau,2764
2026-03-10,Constellation Gift,Abyssal Black Flame Dragon,2406
2026-03-11,Constellation Gift,Abyssal Black Flame Dragon,3132
2026-03-12,Sponsor Donation,Demon-like Judge of Fire,3405
2026-03-13,Basic Survival Kit,Bihyung - Dokkaebi Shop,-2340
2026-03-14,Hidden Scenario Bonus,Star Stream Bureau,1159
2026-03-15,Probability Stabilization Ticket,Star Stream Bureau,-1350
2026-03-16,Basic Survival Kit,Bihyung - Dokkaebi Shop,-2664
2026-03-17,Constellation Gift,Abyssal Black Flame Dragon,674
2026-03-18,Probability Stabilization Ticket,Star Stream Bureau,-1965
2026-03-19,Fable Fragment Reward,Nameless Constellation,1942
2026-03-20,Incarnation Achievement Reward,Star Stream Bureau,2795
2026-03-21,Scenario Skip Token,Upper Tier Dokkaebi,-1100
2026-03-22,Probability Stabilization Ticket,Star Stream Bureau,-310
2026-03-23,Basic Survival Kit,Bihyung - Dokkaebi Shop,-2693
2026-03-24,Basic Survival Kit,Bihyung - Dokkaebi Shop,-1415
2026-03-25,Basic Survival Kit,Bihyung - Dokkaebi Shop,-2943
2026-03-26,Constellation Gift,Abyssal Black Flame Dragon,3858
2026-03-27,Constellation Gift,Abyssal Black Flame Dragon,2302
2026-03-28,Constellation Gift,Abyssal Black Flame Dragon,1796
2026-03-29,Constellation Gift,Abyssal Black Flame Dragon,2141
2026-03-30,Fable Fragment Reward,Nameless Constellation,4897
2026-03-31,Constellation Gift,Abyssal Black Flame Dragon,4624
2026-04-01,Basic Survival Kit,Bihyung - Dokkaebi Shop,-2281
2026-04-02,Basic Survival Kit,Bihyung - Dokkaebi Shop,-1706
2026-04-03,Attribute Enhancement Elixir,Industrial Complex Dokkaebi,-850
2026-04-04,Attribute Enhancement Elixir,Industrial Complex Dokkaebi,-890
2026-04-05,Hidden Scenario Bonus,Star Stream Bureau,4427
2026-04-06,Attribute Enhancement Elixir,Industrial Complex Dokkaebi,-234
2026-04-07,Incarnation Achievement Reward,Star Stream Bureau,1089
2026-04-08,Attribute Enhancement Elixir,Industrial Complex Dokkaebi,-2868
2026-04-09,Incarnation Achievement Reward,Star Stream Bureau,4510
2026-04-10,Sponsor Donation,Demon-like Judge of Fire,3292
2026-04-11,Hidden Scenario Bonus,Star Stream Bureau,4353
2026-04-12,Constellation Gift,Abyssal Black Flame Dragon,2813
2026-04-13,Constellation Gift,Abyssal Black Flame Dragon,4706
2026-04-14,Incarnation Achievement Reward,Star Stream Bureau,4731
2026-04-15,Fable Fragment Reward,Nameless Constellation,4009
2026-04-16,Incarnation Achievement Reward,Star Stream Bureau,2197
2026-04-17,Incarnation Achievement Reward,Star Stream Bureau,1610
2026-04-18,Hidden Scenario Bonus,Star Stream Bureau,4119
2026-04-19,Hidden Scenario Bonus,Star Stream Bureau,2789
2026-04-20,Hidden Scenario Bonus,Star Stream Bureau,2281
2026-04-21,Incarnation Achievement Reward,Star Stream Bureau,1662
2026-04-22,Probability Stabilization Ticket,Star Stream Bureau,-1015
2026-04-23,Attribute Enhancement Elixir,Industrial Complex Dokkaebi,-910
2026-04-24,Constellation Gift,Abyssal Black Flame Dragon,2725
2026-04-25,Basic Survival Kit,Bihyung - Dokkaebi Shop,-2324
2026-04-26,Scenario Skip Token,Upper Tier Dokkaebi,-1008
2026-04-27,Hidden Scenario Bonus,Star Stream Bureau,4685
2026-04-28,Fable Fragment Reward,Nameless Constellation,3637
2026-04-29,Attribute Enhancement Elixir,Industrial Complex Dokkaebi,-2288
2026-04-30,Fable Fragment Reward,Nameless Constellation,885
2026-01-01,Hidden Scenario Bonus,Star Stream Bureau,3957
2026-01-02,Stigma Enhancement Scroll,Mid-Level Dokkaebi,-1938
2026-01-03,Attribute Enhancement Elixir,Industrial Complex Dokkaebi,-1920
2026-01-04,Probability Stabilization Ticket,Star Stream Bureau,-426
2026-01-05,Incarnation Achievement Reward,Star Stream Bureau,1941
2026-01-06,Probability Stabilization Ticket,Star Stream Bureau,-1699
2026-01-07,Probability Stabilization Ticket,Star Stream Bureau,-898
2026-01-08,Stigma Enhancement Scroll,Mid-Level Dokkaebi,-1651
2026-01-09,Scenario Skip Token,Upper Tier Dokkaebi,-959
2026-01-10,Fable Fragment Reward,Nameless Constellation,956
2026-01-11,Stigma Enhancement Scroll,Mid-Level Dokkaebi,-2261
2026-01-12,Incarnation Achievement Reward,Star Stream Bureau,534
2026-01-13,Probability Stabilization Ticket,Star Stream Bureau,-2862
2026-01-14,Attribute Enhancement Elixir,Industrial Complex Dokkaebi,-1982
2026-01-15,Probability Stabilization Ticket,Star Stream Bureau,-2412
2026-01-16,Hidden Scenario Bonus,Star Stream Bureau,4750
2026-01-17,Attribute Enhancement Elixir,Industrial Complex Dokkaebi,-2133
2026-01-18,Probability Stabilization Ticket,Star Stream Bureau,-1658
2026-01-19,Probability Stabilization Ticket,Star Stream Bureau,-964
2026-01-20,Constellation Gift,Abyssal Black Flame Dragon,4292
2026-01-21,Scenario Skip Token,Upper Tier Dokkaebi,-658
2026-01-22,Constellation Gift,Abyssal Black Flame Dragon,4187
2026-01-23,Incarnation Achievement Reward,Star Stream Bureau,2839
2026-01-24,Incarnation Achievement Reward,Star Stream Bureau,3866
2026-01-25,Sponsor Donation,Demon-like Judge of Fire,1254
2026-01-26,Scenario Skip Token,Upper Tier Dokkaebi,-178
2026-01-27,Scenario Skip Token,Upper Tier Dokkaebi,-1162
2026-01-28,Basic Survival Kit,Bihyung - Dokkaebi Shop,-171
2026-01-29,Scenario Skip Token,Upper Tier Dokkaebi,-2905
2026-01-30,Scenario Skip Token,Upper Tier Dokkaebi,-384
2026-01-31,Attribute Enhancement Elixir,Industrial Complex Dokkaebi,-2358
2026-02-01,Fable Fragment Reward,Nameless Constellation,4206
2026-02-02,Scenario Skip Token,Upper Tier Dokkaebi,-2967
2026-02-03,Hidden Scenario Bonus,Star Stream Bureau,3759
2026-02-04,Constellation Gift,Abyssal Black Flame Dragon,4762
2026-02-05,Probability Stabilization Ticket,Star Stream Bureau,-909
2026-02-06,Hidden Scenario Bonus,Star Stream Bureau,4043
2026-02-07,Scenario Skip Token,Upper Tier Dokkaebi,-802
2026-02-08,Fable Fragment Reward,Nameless Constellation,4935
2026-02-09,Hidden Scenario Bonus,Star Stream Bureau,3474
