date|time|description|vendor|amount_coins
2024-05-27|21:54:59|Main Scenario Completion Reward|Star Stream Bureau|6817
2025-01-01|23:18:01|Probability Adjustment Fee|Upper Tier Dokkaebi|-4381
2023-01-06|05:15:49|Dokkaebi Shop Purchase|Mid-Level Dokkaebi|-3111
2022-01-16|04:39:13|Fable Story Reward|Most Ancient Liberator|349
2023-11-27|19:43:45|Gift to Fellow Incarnation|Industrial Complex Dokkaebi|-7311
2024-09-24|07:17:48|Hidden Scenario Completion Reward|Master of the Steel Sword|3865
2021-02-08|11:33:39|Star Stream Bonus Distribution|Master of the Steel Sword|8571
2021-06-10|19:48:01|Probability Compensation|Mass Production Maker|2143
2021-06-14|22:25:55|Fable Story Reward|God of Wine and Ecstasy|6614
2025-02-05|07:13:35|Star Stream Bonus Distribution|Prisoner of the Golden Headband|9563
2024-01-16|19:17:12|Fable Story Reward|One Who Walks Ahead|5535
2024-12-09|03:09:17|Constellation Gift|King of a Kingless World|9323
2023-12-25|17:12:59|Constellation Gift|Star Stream Bureau|2511
2023-05-10|11:10:21|Skill Upgrade Cost|Mid-Level Dokkaebi|-8471
2020-11-25|01:42:00|Skill Upgrade Cost|Star Stream Bureau|-2369
2024-07-15|21:36:22|Stat Enhancement Purchase|Star Stream Bureau|-7361
2025-01-13|11:41:24|Star Stream Bonus Distribution|Watcher of Light and Darkness|891
2024-03-26|06:59:16|Stat Enhancement Purchase|Star Stream Bureau|-5964
2021-02-12|00:02:05|Stat Enhancement Purchase|Upper Tier Dokkaebi|-8370
2023-01-07|06:14:06|Probability Compensation|Abyssal Black Flame Dragon|1957
2020-11-21|01:21:22|Skill Upgrade Cost|Mid-Level Dokkaebi|-4348
2025-01-08|12:05:11|Story Consumption Cost|Mid-Level Dokkaebi|-6087
2020-10-11|18:41:46|Star Stream Bonus Distribution|Maritime War God|5578
2024-01-31|00:48:39|Star Stream Bonus Distribution|Other Incarnation|4126
2025-04-17|13:14:31|Main Scenario Completion Reward|Ancient Dream|3454
2025-10-12|04:59:08|Hidden Scenario Completion Reward|Ancient Dream|6795
2024-09-12|18:03:24|Stat Enhancement Purchase|Star Stream Bureau|-5486
2020-09-20|06:28:39|Story Consumption Cost|Upper Tier Dokkaebi|-2763
2021-06-25|13:08:01|Fable Story Reward|Mass Production Maker|2586
2021-11-11|02:18:44|Gift to Fellow Incarnation|Mid-Level Dokkaebi|-3384
2023-10-01|05:54:18|Probability Compensation|Abyssal Black Flame Dragon|9520
2025-09-18|23:50:58|Probability Adjustment Fee|Upper Tier Dokkaebi|-2444
2020-01-27|17:12:40|Fable Story Reward|Star Stream Bureau|5946
2026-01-05|09:59:04|Probability Adjustment Fee|Bihyung - Dokkaebi Shop|-8565
2023-05-07|03:07:27|Probability Adjustment Fee|Mid-Level Dokkaebi|-6070
2023-01-30|13:45:28|Incarnation Support Donation|Bald General of Justice|7669
2025-05-26|02:17:24|Main Scenario Completion Reward|Secretive Plotter|793
2021-12-20|03:05:37|Dokkaebi Shop Purchase|Mid-Level Dokkaebi|-1847
2024-02-13|03:47:19|Stat Enhancement Purchase|Bihyung - Dokkaebi Shop|-4254
2021-12-16|10:13:36|Dokkaebi Shop Purchase|Star Stream Bureau|-312
2025-07-02|00:43:58|Incarnation Support Donation|Father of the Rich Night|5216
2024-10-31|18:40:12|Star Stream Bonus Distribution|Most Ancient Liberator|921
2024-11-26|02:30:22|Fable Story Reward|Queen of the Darkest Spring|5794
2020-10-07|18:32:35|Probability Compensation|Architect Beyond the Horizon|9411
2022-03-31|02:42:21|Dokkaebi Shop Purchase|Upper Tier Dokkaebi|-636
2022-07-17|23:13:18|Star Stream Bonus Distribution|Duke of Loyalty and Warfare|4197
2025-10-30|18:53:49|Fable Story Reward|Ancient Dream|5377
2020-05-02|08:24:23|Story Consumption Cost|Upper Tier Dokkaebi|-1864
2022-07-15|15:19:35|Probability Adjustment Fee|Star Stream Bureau|-4286
2020-04-21|20:33:24|Story Consumption Cost|Upper Tier Dokkaebi|-9084
2022-12-26|16:53:44|Fable Story Reward|Most Ancient Liberator|157
2020-01-19|22:34:08|Probability Compensation|Abyssal Black Flame Dragon|7161
2023-12-21|01:50:48|Hidden Scenario Completion Reward|Prisoner of the Golden Headband|9116
2024-10-22|09:13:01|Dokkaebi Shop Purchase|Bihyung - Dokkaebi Shop|-8143
2020-10-05|11:58:23|Incarnation Support Donation|Bald General of Justice|9787
2024-06-12|17:19:35|Hidden Scenario Completion Reward|Queen of the Darkest Spring|8110
2021-03-17|07:59:03|Dokkaebi Shop Purchase|Mid-Level Dokkaebi|-7645
2025-02-27|09:21:17|Story Consumption Cost|Bihyung - Dokkaebi Shop|-7321
2025-04-14|23:17:48|Constellation Gift|Dragon King of the West Sea|7401
2022-04-23|02:30:25|Constellation Gift|Secretive Plotter|4516
2024-04-01|20:09:21|Skill Upgrade Cost|Upper Tier Dokkaebi|-1749
2025-04-06|23:53:51|Hidden Scenario Completion Reward|Dragon King of the West Sea|4714
2020-09-19|03:35:18|Star Stream Bonus Distribution|Secretive Plotter|9337
2022-02-02|17:25:45|Fable Story Reward|Father of the Rich Night|2765
2024-05-02|16:42:45|Fable Story Reward|Demon-like Judge of Fire|5274
2025-04-12|17:01:07|Skill Upgrade Cost|Upper Tier Dokkaebi|-8150
2023-11-11|09:29:36|Star Stream Bonus Distribution|Other Incarnation|882
2025-07-12|09:58:35|Hidden Scenario Completion Reward|Demon-like Judge of Fire|6494
2023-09-10|03:30:54|Probability Compensation|Other Incarnation|842
2021-03-19|23:58:08|Fable Story Reward|Abyssal Black Flame Dragon|1227
2025-11-05|10:03:01|Constellation Gift|Queen of the Darkest Spring|4648
2022-06-05|17:55:13|Main Scenario Completion Reward|Star Stream Bureau|5720
2025-01-16|07:54:56|Constellation Gift|Abyssal Black Flame Dragon|6669
2022-08-24|19:42:11|Gift to Fellow Incarnation|Bihyung - Dokkaebi Shop|-4436
2022-10-16|20:27:53|Dokkaebi Shop Purchase|Bihyung - Dokkaebi Shop|-6416
2023-08-22|22:57:50|Fable Story Reward|Other Incarnation|9716
2020-08-09|07:50:22|Constellation Gift|Master of the Steel Sword|4652
2023-02-27|15:04:12|Fable Story Reward|God of Wine and Ecstasy|6819
2020-09-28|17:33:41|Probability Adjustment Fee|Industrial Complex Dokkaebi|-6392
2022-05-27|18:56:09|Gift to Fellow Incarnation|Industrial Complex Dokkaebi|-8918
2022-08-17|11:48:25|Incarnation Support Donation|God of Wine and Ecstasy|2893
2022-11-02|02:53:08|Fable Story Reward|Secretive Plotter|8965
2021-07-03|21:19:47|Incarnation Support Donation|Most Ancient Liberator|8773
2023-12-02|04:12:22|Probability Compensation|Maritime War God|3634
2021-02-06|06:45:46|Gift to Fellow Incarnation|Bihyung - Dokkaebi Shop|-7041
2022-06-01|22:46:32|Story Consumption Cost|Industrial Complex Dokkaebi|-2136
2020-04-05|06:12:37|Gift to Fellow Incarnation|Bihyung - Dokkaebi Shop|-2019
2020-06-02|16:34:11|Fable Story Reward|Most Ancient Liberator|8330
2024-01-15|08:51:56|Constellation Gift|Watcher of Light and Darkness|6570
2020-10-09|21:57:55|Hidden Scenario Completion Reward|One Who Walks Ahead|3573
2024-05-17|07:16:06|Fable Story Reward|Prisoner of the Golden Headband|4642
2022-09-29|10:23:47|Incarnation Support Donation|Ancient Dream|7478
2022-04-19|02:30:50|Stat Enhancement Purchase|Mid-Level Dokkaebi|-2932
2020-04-12|13:39:02|Story Consumption Cost|Star Stream Bureau|-7964
2025-06-21|08:17:29|Incarnation Support Donation|Father of the Rich Night|7571
2024-02-25|22:43:37|Fable Story Reward|Dragon King of the West Sea|8102
2024-07-03|05:43:46|Probability Compensation|Prisoner of the Golden Headband|4763
2021-12-26|11:15:41|Stat Enhancement Purchase|Bihyung - Dokkaebi Shop|-5685
2022-08-29|05:28:30|Incarnation Support Donation|Abyssal Black Flame Dragon|2272
2021-06-30|03:03:18|Story Consumption Cost|Star Stream Bureau|-8208
2022-03-25|08:20:32|Dokkaebi Shop Purchase|Bihyung - Dokkaebi Shop|-8193
2020-02-23|12:57:03|Constellation Gift|Queen of the Darkest Spring|4925
2025-11-22|18:40:33|Story Consumption Cost|Bihyung - Dokkaebi Shop|-8869
2026-01-03|19:50:01|Incarnation Support Donation|Queen of the Darkest Spring|6348
2024-03-19|21:38:14|Hidden Scenario Completion Reward|Other Incarnation|8438
2021-09-01|16:44:17|Story Consumption Cost|Bihyung - Dokkaebi Shop|-5269
2025-06-09|12:09:04|Gift to Fellow Incarnation|Bihyung - Dokkaebi Shop|-2003
2021-11-26|22:13:15|Gift to Fellow Incarnation|Industrial Complex Dokkaebi|-7344
2025-07-25|13:13:47|Probability Adjustment Fee|Industrial Complex Dokkaebi|-9069
2021-09-27|15:45:44|Star Stream Bonus Distribution|Mass Production Maker|7889
2020-12-15|19:00:35|Hidden Scenario Completion Reward|Queen of the Darkest Spring|477
2024-03-27|14:42:38|Probability Compensation|Duke of Loyalty and Warfare|5082
2020-12-15|21:16:35|Skill Upgrade Cost|Industrial Complex Dokkaebi|-3361
2025-09-04|05:19:15|Stat Enhancement Purchase|Mid-Level Dokkaebi|-8403
2023-06-17|02:11:38|Hidden Scenario Completion Reward|Dragon King of the West Sea|9585
2023-01-06|23:41:29|Incarnation Support Donation|Queen of the Darkest Spring|1870
2020-06-13|23:28:54|Stat Enhancement Purchase|Star Stream Bureau|-4921
2020-03-15|10:47:17|Probability Compensation|Duke of Loyalty and Warfare|2478
2022-07-14|08:41:52|Probability Compensation|Most Ancient Liberator|421
2022-06-20|00:26:14|Fable Story Reward|Sword Saint of the East Sea|6644
2025-08-22|13:44:50|Star Stream Bonus Distribution|Secretive Plotter|7168
2025-07-26|08:59:52|Hidden Scenario Completion Reward|Other Incarnation|1376
2024-06-24|18:50:29|Probability Adjustment Fee|Upper Tier Dokkaebi|-4621
2023-03-20|07:04:59|Skill Upgrade Cost|Industrial Complex Dokkaebi|-8891
2021-05-30|09:32:31|Incarnation Support Donation|Secretive Plotter|925
2026-03-04|23:47:42|Fable Story Reward|Maritime War God|6393
2021-01-25|21:51:37|Stat Enhancement Purchase|Upper Tier Dokkaebi|-8547
2025-03-05|02:15:41|Incarnation Support Donation|Abyssal Black Flame Dragon|1486
2023-05-21|16:43:21|Gift to Fellow Incarnation|Star Stream Bureau|-8489
2022-09-26|11:05:53|Star Stream Bonus Distribution|King of a Kingless World|6338
2022-12-15|05:01:51|Constellation Gift|Demon-like Judge of Fire|8926
2024-10-25|11:04:49|Incarnation Support Donation|Queen of the Darkest Spring|4354
2024-11-03|04:13:36|Stat Enhancement Purchase|Bihyung - Dokkaebi Shop|-1687
2020-11-11|20:37:56|Skill Upgrade Cost|Star Stream Bureau|-7153
2025-07-03|05:34:44|Skill Upgrade Cost|Star Stream Bureau|-6633
2020-07-03|17:16:22|Gift to Fellow Incarnation|Star Stream Bureau|-5235
2021-07-10|02:07:38|Skill Upgrade Cost|Industrial Complex Dokkaebi|-3442
2022-10-20|16:52:16|Gift to Fellow Incarnation|Industrial Complex Dokkaebi|-7210
2020-08-26|23:28:21|Gift to Fellow Incarnation|Bihyung - Dokkaebi Shop|-5163
2024-11-13|08:51:01|Incarnation Support Donation|Father of the Rich Night|2113
2020-10-15|06:11:29|Hidden Scenario Completion Reward|One Who Walks Ahead|3540
2022-10-31|23:52:51|Hidden Scenario Completion Reward|Bald General of Justice|1504
2022-08-13|03:38:03|Skill Upgrade Cost|Star Stream Bureau|-1928
2023-07-21|04:05:52|Skill Upgrade Cost|Bihyung - Dokkaebi Shop|-7994
2025-01-17|10:04:07|Stat Enhancement Purchase|Mid-Level Dokkaebi|-2066
2020-12-18|15:22:09|Dokkaebi Shop Purchase|Bihyung - Dokkaebi Shop|-8048
2020-02-11|02:47:10|Fable Story Reward|Prisoner of the Golden Headband|6484
2025-11-27|10:23:42|Probability Adjustment Fee|Bihyung - Dokkaebi Shop|-8970
2022-01-17|02:51:32|Fable Story Reward|Maritime War God|9347
2022-10-29|04:36:22|Probability Adjustment Fee|Upper Tier Dokkaebi|-7975
2020-06-15|09:35:19|Probability Adjustment Fee|Mid-Level Dokkaebi|-2634
2023-11-12|21:15:47|Story Consumption Cost|Industrial Complex Dokkaebi|-4440
2024-12-18|08:00:27|Main Scenario Completion Reward|God of Wine and Ecstasy|3779
2025-06-29|17:49:46|Dokkaebi Shop Purchase|Star Stream Bureau|-6742
2021-05-09|03:52:24|Stat Enhancement Purchase|Bihyung - Dokkaebi Shop|-5906
2020-01-08|06:00:18|Story Consumption Cost|Mid-Level Dokkaebi|-3623
2020-10-27|09:09:17|Probability Compensation|Queen of the Darkest Spring|6521
2022-05-06|08:17:39|Story Consumption Cost|Mid-Level Dokkaebi|-4002
2021-07-23|07:15:59|Fable Story Reward|Dragon King of the West Sea|8886
2024-08-03|09:41:16|Gift to Fellow Incarnation|Star Stream Bureau|-1557
2020-09-05|18:38:34|Gift to Fellow Incarnation|Bihyung - Dokkaebi Shop|-6120
2025-06-27|10:31:04|Hidden Scenario Completion Reward|Sword Saint of the East Sea|9166
2021-02-10|02:53:06|Probability Adjustment Fee|Mid-Level Dokkaebi|-2731
2025-05-27|18:36:05|Gift to Fellow Incarnation|Industrial Complex Dokkaebi|-8454
2025-07-06|09:21:45|Skill Upgrade Cost|Bihyung - Dokkaebi Shop|-4940
2021-12-04|10:32:26|Dokkaebi Shop Purchase|Star Stream Bureau|-656
2022-12-19|10:41:14|Stat Enhancement Purchase|Bihyung - Dokkaebi Shop|-435
2020-05-25|07:27:25|Probability Compensation|Dragon King of the West Sea|7610
2020-06-29|14:06:43|Constellation Gift|Maritime War God|9601
2021-04-15|20:52:05|Probability Compensation|Dragon King of the West Sea|6721
2020-05-01|09:17:27|Story Consumption Cost|Industrial Complex Dokkaebi|-6249
2021-01-06|09:35:30|Probability Compensation|Prisoner of the Golden Headband|1944
2023-05-15|21:57:53|Probability Compensation|Dragon King of the West Sea|5235
2026-02-02|09:21:46|Skill Upgrade Cost|Bihyung - Dokkaebi Shop|-4780
2026-04-12|10:23:30|Incarnation Support Donation|Demon-like Judge of Fire|3587
2023-07-27|16:37:17|Skill Upgrade Cost|Mid-Level Dokkaebi|-7230
2022-10-16|17:02:53|Star Stream Bonus Distribution|One Who Walks Ahead|355
2021-12-15|19:34:30|Incarnation Support Donation|Most Ancient Liberator|9161
2023-09-18|17:08:03|Skill Upgrade Cost|Mid-Level Dokkaebi|-4553
2024-07-27|18:36:18|Constellation Gift|Other Incarnation|5627
2021-05-26|15:21:00|Star Stream Bonus Distribution|One Who Walks Ahead|2796
2020-09-01|21:25:47|Gift to Fellow Incarnation|Mid-Level Dokkaebi|-658
2020-08-27|12:10:52|Fable Story Reward|One Who Walks Ahead|622
2020-08-24|00:01:10|Probability Adjustment Fee|Upper Tier Dokkaebi|-5284
2025-10-01|16:48:21|Fable Story Reward|King of a Kingless World|1637
2021-06-20|01:08:49|Skill Upgrade Cost|Bihyung - Dokkaebi Shop|-6564
2025-12-10|13:21:06|Story Consumption Cost|Industrial Complex Dokkaebi|-2859
2026-04-03|07:46:22|Incarnation Support Donation|Master of the Steel Sword|3747
2020-05-31|21:19:14|Skill Upgrade Cost|Star Stream Bureau|-5934
2024-10-21|22:31:45|Hidden Scenario Completion Reward|Master of the Steel Sword|4370
2020-08-05|16:49:32|Hidden Scenario Completion Reward|Bald General of Justice|3383
2023-05-16|20:53:02|Gift to Fellow Incarnation|Bihyung - Dokkaebi Shop|-5881
2026-04-22|15:01:21|Probability Adjustment Fee|Mid-Level Dokkaebi|-4260
2021-03-07|04:19:03|Gift to Fellow Incarnation|Mid-Level Dokkaebi|-8702
2020-11-05|07:37:47|Story Consumption Cost|Upper Tier Dokkaebi|-930
2024-11-03|13:46:52|Constellation Gift|Ancient Dream|8739
2020-05-09|06:40:03|Probability Compensation|Maritime War God|366
2025-03-14|22:24:37|Skill Upgrade Cost|Industrial Complex Dokkaebi|-3390
2021-07-13|17:37:21|Dokkaebi Shop Purchase|Industrial Complex Dokkaebi|-8665
2023-12-20|12:38:45|Story Consumption Cost|Industrial Complex Dokkaebi|-8227
2022-02-03|19:42:49|Constellation Gift|King of a Kingless World|8085
2022-05-28|20:16:49|Constellation Gift|Dragon King of the West Sea|1784
2023-06-20|04:51:49|Probability Adjustment Fee|Upper Tier Dokkaebi|-8183
2024-04-15|08:19:37|Skill Upgrade Cost|Upper Tier Dokkaebi|-2754
2023-02-24|08:56:46|Star Stream Bonus Distribution|Maritime War God|1162
2026-03-20|09:24:22|Probability Compensation|Architect Beyond the Horizon|4022
2024-07-29|22:59:37|Probability Compensation|Architect Beyond the Horizon|6895
2020-04-20|00:58:12|Constellation Gift|Father of the Rich Night|7277
2022-03-21|06:39:25|Fable Story Reward|Father of the Rich Night|3981
2020-09-07|05:54:55|Hidden Scenario Completion Reward|Master of the Steel Sword|8865
2021-12-08|17:34:46|Hidden Scenario Completion Reward|Bald General of Justice|3719
2024-04-29|15:40:10|Probability Adjustment Fee|Star Stream Bureau|-3812
2025-11-16|11:39:22|Main Scenario Completion Reward|Abyssal Black Flame Dragon|7312
2021-12-17|10:37:24|Hidden Scenario Completion Reward|Sword Saint of the East Sea|6772
2022-09-28|10:31:45|Story Consumption Cost|Bihyung - Dokkaebi Shop|-4390
2021-03-27|23:14:53|Incarnation Support Donation|Dragon King of the West Sea|4825
2023-02-25|16:19:51|Gift to Fellow Incarnation|Upper Tier Dokkaebi|-2241
2022-04-13|06:02:00|Stat Enhancement Purchase|Star Stream Bureau|-777
2021-09-01|20:56:02|Probability Adjustment Fee|Mid-Level Dokkaebi|-5956
2024-08-09|17:46:18|Probability Adjustment Fee|Bihyung - Dokkaebi Shop|-552
2021-09-14|08:18:12|Probability Adjustment Fee|Bihyung - Dokkaebi Shop|-3058
2022-02-19|03:40:06|Probability Adjustment Fee|Star Stream Bureau|-7823
2020-01-04|17:49:09|Probability Compensation|Ancient Dream|7427
2021-01-05|03:14:35|Fable Story Reward|Bald General of Justice|7324
2021-02-14|23:14:50|Story Consumption Cost|Star Stream Bureau|-5662
2023-12-26|03:55:56|Main Scenario Completion Reward|Watcher of Light and Darkness|6702
2022-12-22|22:56:20|Gift to Fellow Incarnation|Bihyung - Dokkaebi Shop|-3359
2025-10-21|03:04:59|Skill Upgrade Cost|Mid-Level Dokkaebi|-3116
2024-08-30|13:00:50|Fable Story Reward|Father of the Rich Night|4465
2020-12-29|23:20:34|Story Consumption Cost|Upper Tier Dokkaebi|-3619
2020-06-05|22:41:56|Incarnation Support Donation|Secretive Plotter|365
2022-10-06|15:28:25|Probability Adjustment Fee|Star Stream Bureau|-392
2023-01-02|02:28:26|Skill Upgrade Cost|Mid-Level Dokkaebi|-2937
2022-10-01|11:32:01|Gift to Fellow Incarnation|Industrial Complex Dokkaebi|-2870
2024-05-31|11:14:39|Gift to Fellow Incarnation|Bihyung - Dokkaebi Shop|-9379
2022-08-19|14:47:37|Fable Story Reward|God of Wine and Ecstasy|410
2021-04-07|08:38:43|Gift to Fellow Incarnation|Star Stream Bureau|-5486
2020-08-30|22:02:11|Probability Adjustment Fee|Mid-Level Dokkaebi|-8858
2021-02-22|23:02:36|Probability Compensation|King of a Kingless World|5639
2024-05-31|06:35:13|Gift to Fellow Incarnation|Bihyung - Dokkaebi Shop|-6628
2024-11-08|19:05:57|Probability Compensation|Other Incarnation|192
2025-07-14|08:28:38|Dokkaebi Shop Purchase|Bihyung - Dokkaebi Shop|-6179
2023-01-13|23:00:44|Star Stream Bonus Distribution|Ancient Dream|7027
2020-06-06|18:56:52|Probability Adjustment Fee|Bihyung - Dokkaebi Shop|-1091
2026-03-30|16:33:07|Skill Upgrade Cost|Star Stream Bureau|-4726
2023-01-15|03:28:26|Stat Enhancement Purchase|Bihyung - Dokkaebi Shop|-4238
2025-11-19|13:47:33|Skill Upgrade Cost|Bihyung - Dokkaebi Shop|-6005
2023-03-28|17:54:01|Dokkaebi Shop Purchase|Star Stream Bureau|-4705
2026-04-25|02:20:48|Story Consumption Cost|Bihyung - Dokkaebi Shop|-5453
2022-02-23|02:46:15|Star Stream Bonus Distribution|Mass Production Maker|6829
2021-06-19|04:59:06|Gift to Fellow Incarnation|Mid-Level Dokkaebi|-5456
2021-11-29|17:15:46|Star Stream Bonus Distribution|Father of the Rich Night|5218
2025-05-30|07:24:30|Fable Story Reward|Star Stream Bureau|3808
2021-05-17|20:49:06|Fable Story Reward|One Who Walks Ahead|7737
2025-08-02|04:03:07|Probability Adjustment Fee|Mid-Level Dokkaebi|-2577
2026-04-14|12:59:38|Main Scenario Completion Reward|Ancient Dream|5296
2026-04-10|08:37:22|Gift to Fellow Incarnation|Industrial Complex Dokkaebi|-2899
2026-04-25|02:22:24|Skill Upgrade Cost|Bihyung - Dokkaebi Shop|-6055
2026-01-13|16:13:27|Probability Compensation|Sword Saint of the East Sea|6796
2022-04-17|06:27:11|Stat Enhancement Purchase|Bihyung - Dokkaebi Shop|-5042
2024-11-14|16:31:18|Stat Enhancement Purchase|Bihyung - Dokkaebi Shop|-4485
2022-08-03|04:33:25|Fable Story Reward|Father of the Rich Night|2220
2022-02-08|18:34:24|Star Stream Bonus Distribution|Demon-like Judge of Fire|8372
2021-01-30|04:32:33|Probability Compensation|Abyssal Black Flame Dragon|5836
2023-03-02|10:04:14|Star Stream Bonus Distribution|Master of the Steel Sword|7187
2024-10-25|12:59:11|Story Consumption Cost|Upper Tier Dokkaebi|-9564
2023-03-28|22:22:16|Fable Story Reward|Watcher of Light and Darkness|307
2020-11-19|14:23:39|Hidden Scenario Completion Reward|Queen of the Darkest Spring|3822
2025-12-27|03:54:10|Constellation Gift|Ancient Dream|4701
2022-09-25|18:42:19|Star Stream Bonus Distribution|Most Ancient Liberator|3985
2020-06-24|15:05:10|Main Scenario Completion Reward|Master of the Steel Sword|8564
2025-09-19|02:42:14|Skill Upgrade Cost|Bihyung - Dokkaebi Shop|-9889
2024-03-31|22:54:37|Skill Upgrade Cost|Star Stream Bureau|-7104
2022-04-26|08:38:15|Gift to Fellow Incarnation|Upper Tier Dokkaebi|-5766
2025-02-21|20:00:55|Stat Enhancement Purchase|Bihyung - Dokkaebi Shop|-8446
2025-09-27|10:33:30|Star Stream Bonus Distribution|Queen of the Darkest Spring|177
2023-08-06|06:48:36|Constellation Gift|Mass Production Maker|6703
2025-03-14|08:12:22|Incarnation Support Donation|Architect Beyond the Horizon|8540
2024-05-02|10:01:59|Dokkaebi Shop Purchase|Upper Tier Dokkaebi|-954
2021-07-19|22:41:31|Star Stream Bonus Distribution|God of Wine and Ecstasy|2794
2024-07-28|07:50:35|Fable Story Reward|King of a Kingless World|9971
2024-06-16|12:47:11|Hidden Scenario Completion Reward|King of a Kingless World|4649
2026-03-08|15:05:11|Main Scenario Completion Reward|Prisoner of the Golden Headband|7507
2022-09-07|00:10:31|Main Scenario Completion Reward|Demon-like Judge of Fire|9082
2025-12-16|05:54:43|Fable Story Reward|Father of the Rich Night|9157
2024-08-27|11:27:26|Skill Upgrade Cost|Upper Tier Dokkaebi|-6845
2022-12-23|11:49:43|Hidden Scenario Completion Reward|Father of the Rich Night|724
2024-07-28|05:13:08|Main Scenario Completion Reward|Star Stream Bureau|7611
2020-02-21|06:49:08|Fable Story Reward|God of Wine and Ecstasy|6359
2020-07-03|19:23:10|Skill Upgrade Cost|Star Stream Bureau|-1372
2022-03-09|01:43:54|Probability Adjustment Fee|Upper Tier Dokkaebi|-2869
2026-01-29|09:38:44|Gift to Fellow Incarnation|Industrial Complex Dokkaebi|-3825
2022-06-28|04:33:55|Skill Upgrade Cost|Mid-Level Dokkaebi|-5742
2022-09-19|17:36:31|Probability Compensation|Ancient Dream|823
2020-07-16|09:54:35|Probability Compensation|Dragon King of the West Sea|9329
2025-09-10|23:31:22|Hidden Scenario Completion Reward|Father of the Rich Night|1201
2022-11-02|05:10:39|Constellation Gift|God of Wine and Ecstasy|4038
2022-01-20|05:05:46|Probability Adjustment Fee|Bihyung - Dokkaebi Shop|-910
2020-06-27|01:53:20|Story Consumption Cost|Industrial Complex Dokkaebi|-9152
2020-07-26|20:09:39|Incarnation Support Donation|Maritime War God|9507
2025-11-11|12:26:50|Dokkaebi Shop Purchase|Mid-Level Dokkaebi|-9620
2023-04-10|15:02:59|Stat Enhancement Purchase|Bihyung - Dokkaebi Shop|-6453
2022-09-03|12:11:14|Constellation Gift|Ancient Dream|2803
2025-07-23|20:33:54|Star Stream Bonus Distribution|Maritime War God|4482
2023-03-18|02:02:56|Constellation Gift|Abyssal Black Flame Dragon|987
2020-09-16|19:28:02|Constellation Gift|Demon-like Judge of Fire|8521
2024-01-30|01:04:53|Stat Enhancement Purchase|Bihyung - Dokkaebi Shop|-3284
2023-10-22|16:04:48|Dokkaebi Shop Purchase|Industrial Complex Dokkaebi|-6985
2022-01-17|01:48:25|Stat Enhancement Purchase|Star Stream Bureau|-7943
2021-07-29|07:32:22|Hidden Scenario Completion Reward|Queen of the Darkest Spring|4964
2020-10-14|11:45:00|Star Stream Bonus Distribution|Master of the Steel Sword|2562
2022-11-15|10:35:19|Probability Adjustment Fee|Mid-Level Dokkaebi|-9635
2023-06-07|10:31:52|Skill Upgrade Cost|Bihyung - Dokkaebi Shop|-9377
2023-12-17|10:12:53|Story Consumption Cost|Industrial Complex Dokkaebi|-3326
2020-06-21|12:06:56|Hidden Scenario Completion Reward|Father of the Rich Night|6983
2025-02-23|23:09:42|Main Scenario Completion Reward|Abyssal Black Flame Dragon|1768
2023-02-14|18:02:02|Gift to Fellow Incarnation|Bihyung - Dokkaebi Shop|-6610
2025-12-15|06:32:20|Skill Upgrade Cost|Star Stream Bureau|-6636
2026-02-24|16:28:32|Constellation Gift|Watcher of Light and Darkness|7240
2024-08-19|05:48:04|Probability Adjustment Fee|Upper Tier Dokkaebi|-9939
2023-08-27|07:34:49|Star Stream Bonus Distribution|Prisoner of the Golden Headband|7572
2020-07-15|14:54:28|Gift to Fellow Incarnation|Star Stream Bureau|-8798
2020-01-01|22:44:37|Gift to Fellow Incarnation|Mid-Level Dokkaebi|-8854
2022-03-27|22:19:35|Gift to Fellow Incarnation|Bihyung - Dokkaebi Shop|-449
2025-12-24|04:00:14|Stat Enhancement Purchase|Star Stream Bureau|-8571
2022-12-03|08:54:51|Star Stream Bonus Distribution|Ancient Dream|9273
2021-09-20|04:49:52|Stat Enhancement Purchase|Upper Tier Dokkaebi|-1972
2022-04-10|15:24:02|Main Scenario Completion Reward|Prisoner of the Golden Headband|441
2025-09-15|19:29:24|Story Consumption Cost|Industrial Complex Dokkaebi|-2985
2024-08-19|15:36:09|Fable Story Reward|Maritime War God|5021
2023-06-15|18:56:31|Probability Compensation|Ancient Dream|3439
2022-11-17|03:21:03|Main Scenario Completion Reward|Bald General of Justice|883
2020-02-07|12:43:28|Star Stream Bonus Distribution|Other Incarnation|8589
2021-05-28|08:51:09|Hidden Scenario Completion Reward|Watcher of Light and Darkness|2457
2023-09-29|21:55:13|Hidden Scenario Completion Reward|Master of the Steel Sword|1200
2020-04-07|08:43:16|Constellation Gift|Maritime War God|3689
2022-07-17|04:38:49|Dokkaebi Shop Purchase|Bihyung - Dokkaebi Shop|-6009
2023-11-25|12:41:01|Story Consumption Cost|Industrial Complex Dokkaebi|-5260
2023-05-22|23:31:41|Fable Story Reward|King of a Kingless World|9594
2020-06-11|07:52:23|Main Scenario Completion Reward|Master of the Steel Sword|6498
2021-06-06|17:43:51|Incarnation Support Donation|Architect Beyond the Horizon|4958
2020-05-08|22:11:29|Story Consumption Cost|Mid-Level Dokkaebi|-3501
2024-11-16|06:43:37|Constellation Gift|Other Incarnation|9576
2024-05-02|01:05:06|Probability Compensation|Star Stream Bureau|5579
2023-04-23|07:51:56|Dokkaebi Shop Purchase|Bihyung - Dokkaebi Shop|-1617
2023-09-23|17:20:00|Skill Upgrade Cost|Upper Tier Dokkaebi|-194
2023-07-03|03:58:44|Constellation Gift|Duke of Loyalty and Warfare|6699
2022-12-03|00:03:27|Stat Enhancement Purchase|Bihyung - Dokkaebi Shop|-8750
2023-03-21|09:43:19|Hidden Scenario Completion Reward|Architect Beyond the Horizon|1422
2023-10-17|10:44:04|Skill Upgrade Cost|Star Stream Bureau|-1604
2021-11-16|19:34:45|Dokkaebi Shop Purchase|Industrial Complex Dokkaebi|-9481
2020-11-02|15:45:36|Gift to Fellow Incarnation|Star Stream Bureau|-8557
2020-03-04|20:25:58|Constellation Gift|Dragon King of the West Sea|6464
2022-09-04|19:21:51|Gift to Fellow Incarnation|Industrial Complex Dokkaebi|-858
2025-02-02|00:15:58|Story Consumption Cost|Upper Tier Dokkaebi|-3868
2020-09-08|07:04:36|Main Scenario Completion Reward|Duke of Loyalty and Warfare|9676
2020-05-27|17:29:20|Stat Enhancement Purchase|Upper Tier Dokkaebi|-8127
2023-07-20|09:00:29|Skill Upgrade Cost|Mid-Level Dokkaebi|-3960
2020-05-02|09:27:20|Fable Story Reward|Other Incarnation|966
2025-12-07|11:46:05|Hidden Scenario Completion Reward|Mass Production Maker|6638
2024-09-18|04:52:50|Story Consumption Cost|Upper Tier Dokkaebi|-1408
2025-11-25|15:53:34|Probability Compensation|Bald General of Justice|6743
2021-08-18|00:02:36|Probability Adjustment Fee|Mid-Level Dokkaebi|-3723
2025-06-29|11:09:58|Hidden Scenario Completion Reward|One Who Walks Ahead|8937
2021-12-24|01:38:30|Gift to Fellow Incarnation|Bihyung - Dokkaebi Shop|-7423
2023-02-02|12:00:20|Hidden Scenario Completion Reward|Other Incarnation|334
2025-04-11|03:45:55|Dokkaebi Shop Purchase|Mid-Level Dokkaebi|-3431
2025-02-17|09:07:55|Star Stream Bonus Distribution|Architect Beyond the Horizon|9624
2022-12-10|01:35:58|Probability Compensation|Queen of the Darkest Spring|7041
2022-11-04|13:00:59|Stat Enhancement Purchase|Upper Tier Dokkaebi|-8688
2023-10-22|05:18:46|Hidden Scenario Completion Reward|Prisoner of the Golden Headband|7979
2025-02-04|15:16:13|Gift to Fellow Incarnation|Bihyung - Dokkaebi Shop|-5093
2022-10-22|00:53:38|Skill Upgrade Cost|Bihyung - Dokkaebi Shop|-1835
2022-03-11|04:45:38|Skill Upgrade Cost|Mid-Level Dokkaebi|-9097
2023-11-29|16:19:07|Skill Upgrade Cost|Upper Tier Dokkaebi|-8509
2020-04-11|10:45:13|Star Stream Bonus Distribution|Maritime War God|1829
2022-10-17|15:47:13|Probability Compensation|Architect Beyond the Horizon|7116
2025-11-14|18:42:24|Dokkaebi Shop Purchase|Bihyung - Dokkaebi Shop|-2104
2021-04-25|15:59:56|Incarnation Support Donation|Mass Production Maker|8299
2022-07-17|22:19:36|Stat Enhancement Purchase|Bihyung - Dokkaebi Shop|-7412
2021-09-28|14:47:19|Probability Adjustment Fee|Upper Tier Dokkaebi|-4284
2023-03-17|00:05:38|Skill Upgrade Cost|Star Stream Bureau|-4657
2023-05-29|03:21:01|Probability Adjustment Fee|Industrial Complex Dokkaebi|-8234
2023-05-14|02:58:22|Star Stream Bonus Distribution|Queen of the Darkest Spring|4293
2025-12-12|18:50:10|Incarnation Support Donation|Father of the Rich Night|9558
2023-10-13|00:25:15|Main Scenario Completion Reward|One Who Walks Ahead|3307
2023-09-10|22:42:28|Hidden Scenario Completion Reward|Prisoner of the Golden Headband|4620
2025-05-30|10:51:08|Stat Enhancement Purchase|Bihyung - Dokkaebi Shop|-1173
2021-11-27|13:33:57|Dokkaebi Shop Purchase|Upper Tier Dokkaebi|-4577
2022-09-03|16:35:57|Constellation Gift|King of a Kingless World|1962
2026-01-25|09:07:58|Skill Upgrade Cost|Mid-Level Dokkaebi|-5720
2025-11-26|06:13:59|Stat Enhancement Purchase|Star Stream Bureau|-6160
2025-09-25|01:38:37|Hidden Scenario Completion Reward|Other Incarnation|5452
2024-07-29|07:04:38|Story Consumption Cost|Upper Tier Dokkaebi|-1960
2022-06-13|06:48:35|Incarnation Support Donation|Master of the Steel Sword|5329
2024-06-16|00:30:50|Incarnation Support Donation|King of a Kingless World|1224
2021-05-13|07:21:10|Main Scenario Completion Reward|Secretive Plotter|5245
2025-08-28|01:31:10|Dokkaebi Shop Purchase|Star Stream Bureau|-2430
2022-01-01|04:51:14|Fable Story Reward|Demon-like Judge of Fire|4913
2026-01-19|03:07:44|Probability Adjustment Fee|Star Stream Bureau|-9362
2020-05-28|19:26:55|Hidden Scenario Completion Reward|Abyssal Black Flame Dragon|6406
2022-05-10|07:13:23|Dokkaebi Shop Purchase|Star Stream Bureau|-9932
2024-01-28|18:22:04|Gift to Fellow Incarnation|Bihyung - Dokkaebi Shop|-470
2022-10-09|16:16:11|Star Stream Bonus Distribution|Duke of Loyalty and Warfare|7150
2024-01-15|22:40:42|Gift to Fellow Incarnation|Mid-Level Dokkaebi|-9880
2020-12-22|07:14:45|Dokkaebi Shop Purchase|Star Stream Bureau|-6668
2021-04-23|07:28:22|Incarnation Support Donation|Duke of Loyalty and Warfare|8665
2024-02-03|16:26:04|Hidden Scenario Completion Reward|King of a Kingless World|1860
2021-06-14|20:29:55|Main Scenario Completion Reward|Sword Saint of the East Sea|3226
2021-11-18|10:53:42|Constellation Gift|Master of the Steel Sword|2893
2025-12-26|10:56:12|Constellation Gift|Architect Beyond the Horizon|5246
2026-02-24|09:36:33|Story Consumption Cost|Star Stream Bureau|-4790
2022-09-13|20:02:39|Main Scenario Completion Reward|Queen of the Darkest Spring|1674
2024-10-14|17:02:20|Star Stream Bonus Distribution|Star Stream Bureau|9363
2021-11-21|23:55:37|Incarnation Support Donation|Other Incarnation|2006
2020-02-01|17:03:46|Hidden Scenario Completion Reward|Maritime War God|257
2024-01-25|18:32:57|Probability Adjustment Fee|Industrial Complex Dokkaebi|-8411
2022-06-14|00:08:37|Story Consumption Cost|Bihyung - Dokkaebi Shop|-6160
2024-10-16|14:31:04|Star Stream Bonus Distribution|Abyssal Black Flame Dragon|2508
2021-02-12|01:04:07|Stat Enhancement Purchase|Bihyung - Dokkaebi Shop|-9783
2023-12-24|22:53:59|Stat Enhancement Purchase|Mid-Level Dokkaebi|-1270
2021-07-06|12:56:35|Probability Compensation|Dragon King of the West Sea|5381
2021-04-06|18:47:04|Fable Story Reward|Other Incarnation|6615
2024-03-11|14:12:55|Story Consumption Cost|Mid-Level Dokkaebi|-9046
2024-03-07|00:54:39|Star Stream Bonus Distribution|Maritime War God|1836
2024-12-29|08:59:13|Constellation Gift|Dragon King of the West Sea|8937
2021-08-17|05:22:48|Story Consumption Cost|Industrial Complex Dokkaebi|-2916
2024-10-03|03:04:28|Skill Upgrade Cost|Bihyung - Dokkaebi Shop|-1859
2020-05-30|03:48:08|Hidden Scenario Completion Reward|Architect Beyond the Horizon|5392
2022-12-12|00:09:24|Stat Enhancement Purchase|Mid-Level Dokkaebi|-3220
2022-04-04|04:20:35|Gift to Fellow Incarnation|Mid-Level Dokkaebi|-5694
2022-09-24|09:31:29|Dokkaebi Shop Purchase|Upper Tier Dokkaebi|-6745
2023-06-28|00:36:06|Hidden Scenario Completion Reward|Demon-like Judge of Fire|1590
2023-11-05|10:08:58|Incarnation Support Donation|Demon-like Judge of Fire|6636
2022-05-12|18:39:01|Main Scenario Completion Reward|Ancient Dream|6932
2021-12-02|09:35:43|Constellation Gift|God of Wine and Ecstasy|3150
2020-02-08|11:32:54|Constellation Gift|Most Ancient Liberator|9389
2021-08-14|21:34:00|Probability Adjustment Fee|Bihyung - Dokkaebi Shop|-4205
2023-07-10|05:16:23|Story Consumption Cost|Mid-Level Dokkaebi|-5082
2022-11-30|05:36:28|Probability Compensation|Maritime War God|1620
2025-09-02|13:16:30|Gift to Fellow Incarnation|Star Stream Bureau|-3650
2023-03-14|16:39:50|Gift to Fellow Incarnation|Bihyung - Dokkaebi Shop|-1093
2020-09-02|11:42:26|Hidden Scenario Completion Reward|Prisoner of the Golden Headband|3905
2020-04-27|15:51:29|Constellation Gift|Most Ancient Liberator|6592
2023-05-27|10:38:39|Constellation Gift|Queen of the Darkest Spring|2139
2025-08-29|07:43:02|Incarnation Support Donation|Master of the Steel Sword|1823
2023-02-01|12:47:39|Gift to Fellow Incarnation|Bihyung - Dokkaebi Shop|-9311
2021-06-04|09:12:17|Story Consumption Cost|Upper Tier Dokkaebi|-3006
2022-10-06|21:59:54|Incarnation Support Donation|Master of the Steel Sword|8377
2022-06-20|05:52:35|Hidden Scenario Completion Reward|Sword Saint of the East Sea|6119
2023-10-14|04:50:34|Probability Adjustment Fee|Upper Tier Dokkaebi|-9980
2024-10-07|01:43:29|Fable Story Reward|Dragon King of the West Sea|8833
2022-11-28|04:51:57|Incarnation Support Donation|Bald General of Justice|9071
2022-10-26|10:22:24|Story Consumption Cost|Industrial Complex Dokkaebi|-3243
2020-02-23|21:53:24|Main Scenario Completion Reward|Dragon King of the West Sea|7133
2022-08-06|15:07:58|Star Stream Bonus Distribution|Demon-like Judge of Fire|7280
2022-09-03|12:03:01|Fable Story Reward|Duke of Loyalty and Warfare|4275
2024-12-09|06:46:23|Constellation Gift|Maritime War God|2820
2021-09-26|00:43:03|Constellation Gift|Secretive Plotter|2546
2022-07-25|06:49:01|Incarnation Support Donation|Architect Beyond the Horizon|6860
2020-07-23|01:46:05|Story Consumption Cost|Bihyung - Dokkaebi Shop|-8878
2024-07-14|00:11:01|Incarnation Support Donation|Maritime War God|2094
2022-10-10|07:41:18|Story Consumption Cost|Star Stream Bureau|-4408
2024-05-18|06:35:08|Main Scenario Completion Reward|Watcher of Light and Darkness|9156
2020-06-18|23:56:54|Skill Upgrade Cost|Star Stream Bureau|-1980
2024-08-29|06:56:53|Star Stream Bonus Distribution|Most Ancient Liberator|1817
2024-11-08|11:22:10|Fable Story Reward|Star Stream Bureau|2094
2022-07-04|18:12:23|Incarnation Support Donation|Sword Saint of the East Sea|7426
2020-09-23|04:41:30|Dokkaebi Shop Purchase|Industrial Complex Dokkaebi|-6602
2020-03-05|06:47:19|Main Scenario Completion Reward|Mass Production Maker|5208
2022-05-11|01:24:36|Skill Upgrade Cost|Bihyung - Dokkaebi Shop|-7226
2025-07-29|23:42:52|Probability Compensation|Sword Saint of the East Sea|8710
2025-04-14|00:55:12|Stat Enhancement Purchase|Star Stream Bureau|-8560
2024-01-16|09:26:30|Star Stream Bonus Distribution|Secretive Plotter|5881
2025-12-24|08:18:39|Skill Upgrade Cost|Mid-Level Dokkaebi|-3046
2021-11-22|19:26:42|Story Consumption Cost|Upper Tier Dokkaebi|-515
2022-09-22|06:55:38|Probability Compensation|Master of the Steel Sword|488
2022-11-18|07:17:09|Fable Story Reward|Secretive Plotter|7150
2025-09-23|17:05:09|Gift to Fellow Incarnation|Star Stream Bureau|-3810
2023-01-02|22:28:21|Probability Compensation|Master of the Steel Sword|1892
2020-06-06|14:17:38|Stat Enhancement Purchase|Industrial Complex Dokkaebi|-4571
2025-06-29|16:55:32|Stat Enhancement Purchase|Industrial Complex Dokkaebi|-6121
2025-01-08|00:41:35|Gift to Fellow Incarnation|Star Stream Bureau|-7841
2025-12-28|14:31:54|Skill Upgrade Cost|Industrial Complex Dokkaebi|-724
2022-05-23|03:51:42|Stat Enhancement Purchase|Upper Tier Dokkaebi|-1401
2025-11-15|06:57:49|Gift to Fellow Incarnation|Mid-Level Dokkaebi|-7792
2023-05-13|02:09:21|Hidden Scenario Completion Reward|Architect Beyond the Horizon|9557
2022-03-01|05:48:39|Skill Upgrade Cost|Bihyung - Dokkaebi Shop|-2153
2022-12-09|08:39:18|Skill Upgrade Cost|Star Stream Bureau|-6380
2021-05-04|10:47:14|Probability Adjustment Fee|Bihyung - Dokkaebi Shop|-7860
2024-05-16|18:31:58|Probability Adjustment Fee|Industrial Complex Dokkaebi|-1217
2026-01-25|08:55:24|Stat Enhancement Purchase|Star Stream Bureau|-2583
2026-03-25|22:29:55|Hidden Scenario Completion Reward|Star Stream Bureau|3261
2020-07-14|01:22:56|Star Stream Bonus Distribution|Most Ancient Liberator|2582
2020-01-19|14:55:15|Story Consumption Cost|Mid-Level Dokkaebi|-6783
2021-02-08|04:34:52|Hidden Scenario Completion Reward|Dragon King of the West Sea|272
2021-02-19|23:33:51|Gift to Fellow Incarnation|Bihyung - Dokkaebi Shop|-9970
2020-04-04|21:58:10|Gift to Fellow Incarnation|Industrial Complex Dokkaebi|-3299
2025-06-05|17:27:10|Hidden Scenario Completion Reward|God of Wine and Ecstasy|6918
2020-10-27|04:07:54|Probability Adjustment Fee|Industrial Complex Dokkaebi|-4562
2023-05-19|08:34:37|Probability Compensation|Dragon King of the West Sea|639
2025-10-14|14:57:03|Probability Adjustment Fee|Upper Tier Dokkaebi|-8366
2020-07-15|19:18:03|Stat Enhancement Purchase|Upper Tier Dokkaebi|-540
2020-04-05|22:18:13|Constellation Gift|Dragon King of the West Sea|9964
2026-01-06|13:09:38|Story Consumption Cost|Bihyung - Dokkaebi Shop|-712
2025-07-31|07:01:56|Star Stream Bonus Distribution|Bald General of Justice|6931
2022-03-06|04:42:47|Main Scenario Completion Reward|Ancient Dream|1807
2022-07-03|01:21:33|Fable Story Reward|Abyssal Black Flame Dragon|7200
2025-09-04|22:59:18|Constellation Gift|Master of the Steel Sword|1658
2024-01-11|04:17:12|Probability Adjustment Fee|Mid-Level Dokkaebi|-3423
2022-06-27|05:48:43|Star Stream Bonus Distribution|God of Wine and Ecstasy|2730
2021-12-26|04:55:43|Hidden Scenario Completion Reward|Maritime War God|8568
2022-10-23|15:14:18|Gift to Fellow Incarnation|Upper Tier Dokkaebi|-1047
2024-12-22|20:50:43|Skill Upgrade Cost|Star Stream Bureau|-5023
2021-05-15|16:24:08|Constellation Gift|Most Ancient Liberator|2721
2024-09-21|17:47:25|Skill Upgrade Cost|Bihyung - Dokkaebi Shop|-5124
2022-04-02|05:20:07|Skill Upgrade Cost|Star Stream Bureau|-156
2023-06-25|06:01:30|Main Scenario Completion Reward|Other Incarnation|2822
2023-06-13|06:33:40|Skill Upgrade Cost|Bihyung - Dokkaebi Shop|-113
2024-03-06|16:52:56|Stat Enhancement Purchase|Upper Tier Dokkaebi|-7315
2020-05-06|15:04:21|Main Scenario Completion Reward|Abyssal Black Flame Dragon|4512
2023-02-23|16:36:17|Gift to Fellow Incarnation|Bihyung - Dokkaebi Shop|-283
2026-01-16|12:12:46|Story Consumption Cost|Industrial Complex Dokkaebi|-7822
2023-09-23|10:39:12|Incarnation Support Donation|Watcher of Light and Darkness|1119
2023-07-31|10:53:06|Skill Upgrade Cost|Upper Tier Dokkaebi|-6608
2020-09-23|21:01:21|Skill Upgrade Cost|Industrial Complex Dokkaebi|-1362
2025-01-23|13:18:29|Hidden Scenario Completion Reward|Queen of the Darkest Spring|3278
2024-08-06|12:07:56|Dokkaebi Shop Purchase|Industrial Complex Dokkaebi|-1431
2024-08-15|02:26:23|Story Consumption Cost|Mid-Level Dokkaebi|-3549
2021-06-03|09:08:07|Probability Compensation|Dragon King of the West Sea|7042
2025-07-26|08:21:02|Probability Compensation|Father of the Rich Night|5200
2022-10-02|02:07:22|Gift to Fellow Incarnation|Industrial Complex Dokkaebi|-7590
2022-02-22|12:17:25|Probability Compensation|Sword Saint of the East Sea|5135
2025-03-13|15:00:17|Dokkaebi Shop Purchase|Industrial Complex Dokkaebi|-5001
2023-02-08|11:48:03|Hidden Scenario Completion Reward|Demon-like Judge of Fire|4803
2023-04-07|04:53:44|Gift to Fellow Incarnation|Star Stream Bureau|-2591
2020-11-17|00:04:36|Hidden Scenario Completion Reward|Abyssal Black Flame Dragon|3125
2023-03-24|21:12:47|Probability Compensation|Watcher of Light and Darkness|4457
2024-01-23|05:48:33|Fable Story Reward|Most Ancient Liberator|2138
2023-05-23|02:36:14|Story Consumption Cost|Industrial Complex Dokkaebi|-334
2023-10-23|14:08:44|Gift to Fellow Incarnation|Industrial Complex Dokkaebi|-3669
2020-03-29|07:03:21|Incarnation Support Donation|King of a Kingless World|6961
2020-08-21|04:25:42|Stat Enhancement Purchase|Bihyung - Dokkaebi Shop|-4304
2020-09-13|16:25:18|Probability Adjustment Fee|Star Stream Bureau|-1089
2021-06-19|18:47:14|Gift to Fellow Incarnation|Industrial Complex Dokkaebi|-4733
2021-09-30|14:35:55|Fable Story Reward|Demon-like Judge of Fire|8257
2021-08-31|02:33:42|Dokkaebi Shop Purchase|Mid-Level Dokkaebi|-2632
2024-05-07|16:26:50|Incarnation Support Donation|Other Incarnation|5807
2021-12-13|17:40:54|Stat Enhancement Purchase|Mid-Level Dokkaebi|-4854
2024-02-11|02:06:03|Main Scenario Completion Reward|Star Stream Bureau|1395
2022-01-04|13:54:20|Incarnation Support Donation|Most Ancient Liberator|1873
2021-04-26|12:16:38|Fable Story Reward|Maritime War God|6838
2023-07-10|04:31:46|Probability Adjustment Fee|Star Stream Bureau|-474
2024-07-26|15:43:13|Story Consumption Cost|Industrial Complex Dokkaebi|-8506
2021-01-19|03:30:30|Probability Compensation|One Who Walks Ahead|9086
2022-02-28|09:21:55|Story Consumption Cost|Mid-Level Dokkaebi|-8216
2023-01-02|00:55:14|Main Scenario Completion Reward|Bald General of Justice|9910
2025-08-16|05:45:56|Dokkaebi Shop Purchase|Upper Tier Dokkaebi|-2569
2021-05-22|19:59:56|Probability Adjustment Fee|Mid-Level Dokkaebi|-7448
2020-01-05|19:34:24|Fable Story Reward|God of Wine and Ecstasy|2956
2022-03-08|08:19:06|Probability Compensation|Abyssal Black Flame Dragon|7848
2025-12-21|03:14:55|Star Stream Bonus Distribution|Dragon King of the West Sea|9259
2022-07-22|13:19:05|Hidden Scenario Completion Reward|Sword Saint of the East Sea|7166
2022-01-10|22:04:40|Dokkaebi Shop Purchase|Star Stream Bureau|-629
2025-04-29|17:46:23|Main Scenario Completion Reward|Architect Beyond the Horizon|6240
2021-03-02|12:03:39|Dokkaebi Shop Purchase|Star Stream Bureau|-3615
2023-10-12|17:27:57|Probability Compensation|Mass Production Maker|950
2023-03-16|10:40:10|Dokkaebi Shop Purchase|Upper Tier Dokkaebi|-8089
2020-10-15|04:56:36|Stat Enhancement Purchase|Star Stream Bureau|-9525
2023-06-15|07:08:34|Skill Upgrade Cost|Mid-Level Dokkaebi|-6045
2022-07-12|04:21:19|Main Scenario Completion Reward|Master of the Steel Sword|8447
2020-06-20|06:20:46|Probability Adjustment Fee|Mid-Level Dokkaebi|-9637
2023-05-27|10:28:47|Fable Story Reward|Sword Saint of the East Sea|8375
2026-04-14|10:28:18|Dokkaebi Shop Purchase|Bihyung - Dokkaebi Shop|-5687
2025-04-27|07:56:14|Skill Upgrade Cost|Industrial Complex Dokkaebi|-7268
2022-05-26|08:34:23|Fable Story Reward|Abyssal Black Flame Dragon|1361
2020-05-23|01:25:29|Star Stream Bonus Distribution|King of a Kingless World|9487
2021-09-08|22:47:00|Gift to Fellow Incarnation|Star Stream Bureau|-7827
2021-08-17|04:18:31|Story Consumption Cost|Upper Tier Dokkaebi|-1535
2024-03-25|16:59:38|Incarnation Support Donation|Master of the Steel Sword|9628
2020-01-27|17:49:53|Constellation Gift|Star Stream Bureau|7147
2025-11-25|04:58:38|Hidden Scenario Completion Reward|God of Wine and Ecstasy|3765
2025-10-22|00:47:31|Star Stream Bonus Distribution|Sword Saint of the East Sea|3737
2025-03-10|16:11:11|Dokkaebi Shop Purchase|Mid-Level Dokkaebi|-2527
2021-03-10|20:34:17|Stat Enhancement Purchase|Upper Tier Dokkaebi|-187
2024-07-16|15:52:18|Gift to Fellow Incarnation|Industrial Complex Dokkaebi|-770
2024-01-03|20:37:06|Probability Adjustment Fee|Industrial Complex Dokkaebi|-507
2021-04-13|02:42:20|Probability Compensation|One Who Walks Ahead|8036
2022-06-03|15:26:44|Fable Story Reward|Most Ancient Liberator|2337
2022-11-17|07:37:19|Constellation Gift|Abyssal Black Flame Dragon|794
2025-08-23|17:26:24|Gift to Fellow Incarnation|Industrial Complex Dokkaebi|-4088
2024-03-20|20:25:13|Probability Compensation|God of Wine and Ecstasy|7261
2024-07-31|03:53:23|Story Consumption Cost|Bihyung - Dokkaebi Shop|-5695
2024-08-10|11:26:51|Skill Upgrade Cost|Industrial Complex Dokkaebi|-7767
2020-11-19|13:00:26|Story Consumption Cost|Industrial Complex Dokkaebi|-7547
2025-11-25|09:35:36|Main Scenario Completion Reward|Most Ancient Liberator|6078
2023-09-03|22:05:36|Star Stream Bonus Distribution|God of Wine and Ecstasy|1162
2022-06-27|23:38:42|Probability Compensation|Father of the Rich Night|8899
2023-05-24|06:24:47|Probability Adjustment Fee|Bihyung - Dokkaebi Shop|-4874
2020-08-09|11:21:01|Gift to Fellow Incarnation|Upper Tier Dokkaebi|-9971
2024-08-10|20:23:04|Star Stream Bonus Distribution|King of a Kingless World|1348
2020-02-06|17:59:04|Probability Adjustment Fee|Upper Tier Dokkaebi|-9807
2022-06-16|10:04:21|Stat Enhancement Purchase|Bihyung - Dokkaebi Shop|-6960
2020-06-26|06:53:41|Main Scenario Completion Reward|Watcher of Light and Darkness|1532
2020-01-25|21:53:57|Constellation Gift|King of a Kingless World|7631
2025-04-07|22:16:45|Probability Adjustment Fee|Star Stream Bureau|-5021
2020-04-05|17:40:47|Main Scenario Completion Reward|Maritime War God|6192
2021-11-17|04:06:28|Story Consumption Cost|Star Stream Bureau|-600
2024-11-19|09:58:11|Gift to Fellow Incarnation|Mid-Level Dokkaebi|-9918
2023-08-02|10:11:30|Story Consumption Cost|Star Stream Bureau|-7235
2024-12-29|18:35:01|Probability Adjustment Fee|Mid-Level Dokkaebi|-2306
2026-01-11|15:50:05|Stat Enhancement Purchase|Industrial Complex Dokkaebi|-1602
2022-04-24|06:01:15|Hidden Scenario Completion Reward|Sword Saint of the East Sea|5779
2022-06-10|20:01:23|Stat Enhancement Purchase|Upper Tier Dokkaebi|-7644
2025-08-25|05:49:39|Probability Compensation|One Who Walks Ahead|4322
2023-09-24|15:19:51|Dokkaebi Shop Purchase|Mid-Level Dokkaebi|-7070
2023-12-11|11:46:21|Main Scenario Completion Reward|God of Wine and Ecstasy|4788
2023-03-19|16:35:57|Star Stream Bonus Distribution|Father of the Rich Night|9747
2023-11-08|03:40:06|Probability Adjustment Fee|Bihyung - Dokkaebi Shop|-4729
2021-01-01|19:37:23|Probability Compensation|Prisoner of the Golden Headband|1091
2022-09-04|11:38:13|Stat Enhancement Purchase|Mid-Level Dokkaebi|-232
2026-03-28|03:30:23|Incarnation Support Donation|Master of the Steel Sword|9434
2025-06-27|11:56:57|Probability Adjustment Fee|Mid-Level Dokkaebi|-560
2021-08-19|05:35:52|Star Stream Bonus Distribution|Abyssal Black Flame Dragon|3791
2020-04-01|22:36:05|Fable Story Reward|Demon-like Judge of Fire|7961
2020-07-06|08:32:48|Probability Adjustment Fee|Bihyung - Dokkaebi Shop|-5142
2025-06-05|19:45:59|Incarnation Support Donation|Father of the Rich Night|6015
2021-01-12|02:10:48|Stat Enhancement Purchase|Star Stream Bureau|-3682
2025-11-07|08:29:36|Constellation Gift|Mass Production Maker|8050
2020-04-14|04:11:01|Fable Story Reward|Watcher of Light and Darkness|4038
2022-06-03|12:56:28|Story Consumption Cost|Industrial Complex Dokkaebi|-6371
2024-08-07|17:22:40|Main Scenario Completion Reward|God of Wine and Ecstasy|6349
2024-11-24|01:27:23|Story Consumption Cost|Mid-Level Dokkaebi|-6210
2025-06-25|14:26:29|Star Stream Bonus Distribution|Queen of the Darkest Spring|5165
2025-03-04|08:21:25|Probability Adjustment Fee|Upper Tier Dokkaebi|-5289
2024-12-24|18:08:00|Dokkaebi Shop Purchase|Star Stream Bureau|-6412
2023-10-05|00:36:19|Main Scenario Completion Reward|Sword Saint of the East Sea|4472
2023-10-05|17:35:47|Gift to Fellow Incarnation|Bihyung - Dokkaebi Shop|-3275
2025-03-30|02:51:39|Probability Adjustment Fee|Upper Tier Dokkaebi|-1829
2022-02-01|07:01:16|Fable Story Reward|Prisoner of the Golden Headband|1533
2023-05-24|16:23:55|Fable Story Reward|Mass Production Maker|4310
2024-01-27|02:24:05|Constellation Gift|Ancient Dream|4946
2024-03-09|14:02:42|Stat Enhancement Purchase|Industrial Complex Dokkaebi|-8221
2021-06-04|21:22:40|Constellation Gift|Mass Production Maker|3431
2022-09-08|05:52:09|Main Scenario Completion Reward|Mass Production Maker|9592
2020-06-30|19:09:08|Probability Compensation|Master of the Steel Sword|1434
2023-03-19|09:11:08|Story Consumption Cost|Mid-Level Dokkaebi|-6514
2020-01-30|11:20:43|Stat Enhancement Purchase|Industrial Complex Dokkaebi|-6625
2023-09-11|19:18:54|Hidden Scenario Completion Reward|Mass Production Maker|8900
2022-07-14|03:16:02|Fable Story Reward|Most Ancient Liberator|4703
2025-12-24|12:12:42|Skill Upgrade Cost|Star Stream Bureau|-8453
2023-12-31|16:34:51|Probability Adjustment Fee|Upper Tier Dokkaebi|-6370
2022-11-21|06:23:32|Constellation Gift|Most Ancient Liberator|2473
2024-04-11|03:03:30|Main Scenario Completion Reward|Abyssal Black Flame Dragon|4220
2020-08-28|01:48:38|Fable Story Reward|Duke of Loyalty and Warfare|8935
2022-10-25|01:24:09|Skill Upgrade Cost|Star Stream Bureau|-7523
2024-06-28|14:40:47|Dokkaebi Shop Purchase|Industrial Complex Dokkaebi|-2234
2023-08-04|16:02:34|Fable Story Reward|Ancient Dream|9682
2023-11-10|15:59:53|Dokkaebi Shop Purchase|Mid-Level Dokkaebi|-9834
2022-09-22|09:22:53|Probability Compensation|Architect Beyond the Horizon|7875
2021-02-13|08:58:40|Gift to Fellow Incarnation|Star Stream Bureau|-7013
2020-11-11|06:34:35|Constellation Gift|Prisoner of the Golden Headband|3030
2020-02-01|06:58:32|Fable Story Reward|Architect Beyond the Horizon|727
2021-02-22|16:09:27|Constellation Gift|Maritime War God|5871
2023-03-25|00:29:00|Gift to Fellow Incarnation|Upper Tier Dokkaebi|-2969
2023-09-27|14:33:56|Hidden Scenario Completion Reward|God of Wine and Ecstasy|940
2020-04-04|16:15:05|Gift to Fellow Incarnation|Mid-Level Dokkaebi|-1057
2025-02-14|04:42:52|Probability Adjustment Fee|Upper Tier Dokkaebi|-7351
2020-04-19|03:05:37|Probability Adjustment Fee|Upper Tier Dokkaebi|-6989
2024-11-06|17:46:49|Skill Upgrade Cost|Bihyung - Dokkaebi Shop|-2312
2024-07-27|03:06:52|Incarnation Support Donation|Most Ancient Liberator|4428
2021-12-08|23:54:58|Hidden Scenario Completion Reward|Architect Beyond the Horizon|4885
2023-12-06|12:41:49|Story Consumption Cost|Mid-Level Dokkaebi|-8218
2025-01-02|04:14:00|Fable Story Reward|Mass Production Maker|4131
2025-10-27|05:11:14|Star Stream Bonus Distribution|One Who Walks Ahead|9147
2022-12-07|18:55:46|Incarnation Support Donation|Other Incarnation|884
2026-04-15|10:32:56|Stat Enhancement Purchase|Upper Tier Dokkaebi|-5650
2023-06-17|16:35:47|Incarnation Support Donation|One Who Walks Ahead|5078
2026-02-17|01:37:55|Constellation Gift|Ancient Dream|9086
2020-05-04|15:40:13|Stat Enhancement Purchase|Industrial Complex Dokkaebi|-5930
2024-02-11|06:14:45|Story Consumption Cost|Mid-Level Dokkaebi|-3706
2023-07-03|17:28:20|Constellation Gift|Mass Production Maker|2271
2024-12-31|18:15:24|Stat Enhancement Purchase|Bihyung - Dokkaebi Shop|-4243
2024-01-12|04:24:55|Skill Upgrade Cost|Star Stream Bureau|-9171
2023-11-04|22:43:13|Gift to Fellow Incarnation|Star Stream Bureau|-2487
2024-01-05|17:47:22|Hidden Scenario Completion Reward|Bald General of Justice|7480
2025-01-16|01:31:18|Constellation Gift|Bald General of Justice|6021
2023-07-21|12:47:19|Incarnation Support Donation|Watcher of Light and Darkness|7664
2023-10-24|13:38:25|Skill Upgrade Cost|Star Stream Bureau|-8993
2024-01-16|06:09:08|Dokkaebi Shop Purchase|Bihyung - Dokkaebi Shop|-4409
2020-11-13|10:22:52|Hidden Scenario Completion Reward|Star Stream Bureau|8309
2021-12-28|02:37:17|Gift to Fellow Incarnation|Mid-Level Dokkaebi|-2950
2021-07-05|20:19:23|Constellation Gift|Ancient Dream|1896
2023-07-30|01:14:58|Constellation Gift|Watcher of Light and Darkness|6620
2023-12-19|02:53:40|Star Stream Bonus Distribution|Duke of Loyalty and Warfare|5728
2021-06-07|09:32:14|Probability Adjustment Fee|Mid-Level Dokkaebi|-2846
2024-07-20|07:21:14|Incarnation Support Donation|Star Stream Bureau|5678
2024-12-09|23:52:26|Hidden Scenario Completion Reward|Secretive Plotter|2915
2023-07-10|12:32:05|Skill Upgrade Cost|Upper Tier Dokkaebi|-7067
2023-02-01|23:15:08|Probability Compensation|God of Wine and Ecstasy|4758
2021-03-22|11:43:13|Fable Story Reward|Dragon King of the West Sea|3303
2020-10-01|15:02:51|Main Scenario Completion Reward|Architect Beyond the Horizon|8030
2021-09-13|20:09:58|Fable Story Reward|Other Incarnation|6226
2022-04-11|01:36:39|Story Consumption Cost|Mid-Level Dokkaebi|-4256
2024-05-07|20:25:21|Fable Story Reward|One Who Walks Ahead|2320
2024-12-26|08:56:14|Star Stream Bonus Distribution|King of a Kingless World|7533
2023-02-25|15:11:38|Story Consumption Cost|Bihyung - Dokkaebi Shop|-7825
2023-11-06|07:09:27|Gift to Fellow Incarnation|Star Stream Bureau|-2570
2024-06-04|07:43:35|Dokkaebi Shop Purchase|Star Stream Bureau|-8578
2022-05-04|07:55:02|Gift to Fellow Incarnation|Mid-Level Dokkaebi|-9461
2024-08-13|18:00:47|Skill Upgrade Cost|Star Stream Bureau|-7597
2024-04-01|13:42:36|Incarnation Support Donation|Star Stream Bureau|5389
2022-03-09|22:53:31|Skill Upgrade Cost|Bihyung - Dokkaebi Shop|-7682
2023-03-28|07:15:57|Stat Enhancement Purchase|Mid-Level Dokkaebi|-8561
2021-03-14|05:19:37|Gift to Fellow Incarnation|Upper Tier Dokkaebi|-6088
2022-10-07|09:15:09|Probability Adjustment Fee|Bihyung - Dokkaebi Shop|-8024
2023-11-15|03:16:03|Incarnation Support Donation|King of a Kingless World|2167
2023-03-09|16:51:44|Dokkaebi Shop Purchase|Star Stream Bureau|-5056
2022-03-21|03:23:18|Story Consumption Cost|Industrial Complex Dokkaebi|-258
2024-11-20|15:05:05|Main Scenario Completion Reward|Dragon King of the West Sea|850
2021-01-27|22:34:51|Fable Story Reward|Ancient Dream|4336
2024-05-04|06:10:42|Incarnation Support Donation|Dragon King of the West Sea|6135
2020-12-11|16:39:41|Probability Compensation|Bald General of Justice|2396
2022-07-03|16:12:41|Probability Compensation|Master of the Steel Sword|5907
2021-07-16|19:12:07|Stat Enhancement Purchase|Bihyung - Dokkaebi Shop|-286
2020-05-12|18:58:16|Main Scenario Completion Reward|Star Stream Bureau|5556
2023-02-01|12:14:57|Incarnation Support Donation|One Who Walks Ahead|9779
2024-08-13|09:38:16|Star Stream Bonus Distribution|Master of the Steel Sword|3438
2023-09-13|19:51:06|Skill Upgrade Cost|Mid-Level Dokkaebi|-5355
2023-10-05|12:18:03|Constellation Gift|Most Ancient Liberator|9355
2025-11-22|21:43:53|Probability Compensation|Other Incarnation|5766
2025-05-31|09:17:17|Main Scenario Completion Reward|Father of the Rich Night|4124
2022-02-23|22:53:29|Probability Adjustment Fee|Bihyung - Dokkaebi Shop|-8149
2023-11-02|02:41:37|Hidden Scenario Completion Reward|Star Stream Bureau|9435
2021-12-04|05:16:26|Probability Adjustment Fee|Bihyung - Dokkaebi Shop|-8763
2024-02-15|13:23:31|Incarnation Support Donation|Maritime War God|8817
2022-07-28|17:27:25|Main Scenario Completion Reward|Other Incarnation|7379
2023-01-25|04:46:22|Dokkaebi Shop Purchase|Mid-Level Dokkaebi|-1096
2024-08-11|04:01:45|Incarnation Support Donation|Queen of the Darkest Spring|9352
2020-12-27|03:55:19|Incarnation Support Donation|Father of the Rich Night|9077
2024-03-10|07:31:24|Star Stream Bonus Distribution|Mass Production Maker|6341
2021-10-09|20:05:31|Gift to Fellow Incarnation|Upper Tier Dokkaebi|-1877
2022-06-11|17:14:39|Dokkaebi Shop Purchase|Upper Tier Dokkaebi|-1573
2023-11-25|16:21:23|Gift to Fellow Incarnation|Upper Tier Dokkaebi|-4219
2022-10-02|21:34:24|Hidden Scenario Completion Reward|Architect Beyond the Horizon|7203
2024-07-29|20:00:15|Dokkaebi Shop Purchase|Upper Tier Dokkaebi|-4920
2021-01-10|16:22:29|Probability Adjustment Fee|Mid-Level Dokkaebi|-3567
2024-02-21|23:44:12|Main Scenario Completion Reward|Demon-like Judge of Fire|7775
2025-05-05|17:42:52|Stat Enhancement Purchase|Star Stream Bureau|-8615
2020-09-16|00:59:26|Main Scenario Completion Reward|Mass Production Maker|2952
2024-01-09|09:24:34|Fable Story Reward|Prisoner of the Golden Headband|647
2021-10-02|12:08:04|Skill Upgrade Cost|Star Stream Bureau|-9443
2024-04-01|00:05:14|Story Consumption Cost|Upper Tier Dokkaebi|-7998
2022-02-01|04:08:19|Hidden Scenario Completion Reward|Mass Production Maker|6193
2024-05-18|03:01:56|Probability Adjustment Fee|Bihyung - Dokkaebi Shop|-3201
2021-02-07|00:26:19|Probability Compensation|Star Stream Bureau|4354
2020-07-15|12:55:27|Star Stream Bonus Distribution|Abyssal Black Flame Dragon|4238
2022-09-07|02:26:15|Constellation Gift|God of Wine and Ecstasy|2663
2022-05-06|01:24:13|Probability Compensation|Sword Saint of the East Sea|1081
2025-04-25|00:15:08|Stat Enhancement Purchase|Mid-Level Dokkaebi|-7708
2023-07-06|01:15:10|Main Scenario Completion Reward|Other Incarnation|7952
2025-02-14|09:22:05|Probability Compensation|Star Stream Bureau|7150
2023-04-01|02:24:43|Gift to Fellow Incarnation|Bihyung - Dokkaebi Shop|-532
2023-04-06|16:19:24|Skill Upgrade Cost|Upper Tier Dokkaebi|-1232
2026-03-01|05:00:15|Probability Adjustment Fee|Bihyung - Dokkaebi Shop|-1021
2024-06-07|00:25:18|Fable Story Reward|Demon-like Judge of Fire|824
2021-05-09|14:29:22|Stat Enhancement Purchase|Industrial Complex Dokkaebi|-2522
2024-08-06|08:43:20|Gift to Fellow Incarnation|Star Stream Bureau|-8793
2025-08-17|08:52:50|Hidden Scenario Completion Reward|Star Stream Bureau|9269
2026-03-18|19:09:02|Constellation Gift|Maritime War God|682
2025-01-19|16:34:43|Story Consumption Cost|Mid-Level Dokkaebi|-120
2020-05-01|05:55:13|Story Consumption Cost|Industrial Complex Dokkaebi|-8850
2023-01-19|22:00:44|Skill Upgrade Cost|Star Stream Bureau|-6472
2022-01-16|09:16:07|Story Consumption Cost|Industrial Complex Dokkaebi|-9773
2022-04-16|04:32:44|Incarnation Support Donation|Demon-like Judge of Fire|9172
2021-04-18|04:16:45|Dokkaebi Shop Purchase|Upper Tier Dokkaebi|-8131
2025-05-09|07:34:51|Star Stream Bonus Distribution|Bald General of Justice|5540
2024-05-17|14:29:53|Constellation Gift|Bald General of Justice|1210
2020-11-19|05:03:27|Gift to Fellow Incarnation|Bihyung - Dokkaebi Shop|-437
2020-11-16|16:37:22|Star Stream Bonus Distribution|Father of the Rich Night|8202
2023-08-20|10:06:08|Star Stream Bonus Distribution|Bald General of Justice|8733
2025-03-03|11:37:42|Dokkaebi Shop Purchase|Industrial Complex Dokkaebi|-247
2025-10-27|10:07:34|Fable Story Reward|Most Ancient Liberator|9649
2021-10-23|21:46:40|Stat Enhancement Purchase|Industrial Complex Dokkaebi|-4524
2024-03-30|06:32:37|Probability Adjustment Fee|Mid-Level Dokkaebi|-8545
2024-10-27|07:04:55|Story Consumption Cost|Star Stream Bureau|-9169
2023-11-22|02:56:43|Incarnation Support Donation|Abyssal Black Flame Dragon|3116
2023-07-05|11:56:39|Story Consumption Cost|Bihyung - Dokkaebi Shop|-8355
2020-01-31|19:19:45|Gift to Fellow Incarnation|Mid-Level Dokkaebi|-2685
2024-12-10|08:02:17|Skill Upgrade Cost|Industrial Complex Dokkaebi|-7475
2023-07-31|07:36:00|Incarnation Support Donation|Most Ancient Liberator|2907
2021-10-15|02:43:50|Probability Compensation|God of Wine and Ecstasy|9252
2023-02-19|16:46:19|Fable Story Reward|Star Stream Bureau|2514
2022-10-01|20:06:57|Probability Compensation|Prisoner of the Golden Headband|7536
2021-05-01|19:17:44|Main Scenario Completion Reward|Architect Beyond the Horizon|5984
2023-09-11|19:01:58|Skill Upgrade Cost|Bihyung - Dokkaebi Shop|-6425
2022-06-04|02:24:36|Probability Compensation|Bald General of Justice|6559
2023-01-14|20:51:04|Story Consumption Cost|Upper Tier Dokkaebi|-4849
2024-06-05|04:26:04|Fable Story Reward|God of Wine and Ecstasy|4791
2025-09-10|04:35:44|Main Scenario Completion Reward|Star Stream Bureau|2713
2020-06-05|07:37:37|Star Stream Bonus Distribution|Demon-like Judge of Fire|4777
2025-05-01|12:50:18|Incarnation Support Donation|Other Incarnation|9478
2022-07-11|13:03:21|Probability Adjustment Fee|Mid-Level Dokkaebi|-1835
2020-09-13|00:13:21|Story Consumption Cost|Star Stream Bureau|-9002
2020-03-28|09:11:59|Gift to Fellow Incarnation|Mid-Level Dokkaebi|-6439
2024-12-14|19:55:51|Main Scenario Completion Reward|Demon-like Judge of Fire|8423
2024-08-11|17:43:36|Gift to Fellow Incarnation|Upper Tier Dokkaebi|-2453
2025-06-27|08:11:16|Main Scenario Completion Reward|Demon-like Judge of Fire|9243
2024-07-18|13:25:25|Story Consumption Cost|Industrial Complex Dokkaebi|-8891
2024-07-17|04:56:18|Star Stream Bonus Distribution|Ancient Dream|9072
2020-08-03|14:55:49|Probability Compensation|Duke of Loyalty and Warfare|8494
2023-04-30|06:06:36|Gift to Fellow Incarnation|Upper Tier Dokkaebi|-8084
2026-01-18|16:30:29|Stat Enhancement Purchase|Mid-Level Dokkaebi|-666
2023-06-10|13:34:52|Dokkaebi Shop Purchase|Industrial Complex Dokkaebi|-7374
2021-02-12|23:29:17|Skill Upgrade Cost|Upper Tier Dokkaebi|-4248
2024-03-19|10:40:15|Probability Compensation|Bald General of Justice|5064
2021-10-29|19:02:17|Fable Story Reward|Watcher of Light and Darkness|6565
2023-12-21|13:56:38|Hidden Scenario Completion Reward|Bald General of Justice|157
2020-11-19|14:36:44|Gift to Fellow Incarnation|Mid-Level Dokkaebi|-7785
2026-01-29|21:10:56|Probability Compensation|Most Ancient Liberator|1118
2025-02-03|07:03:57|Main Scenario Completion Reward|Other Incarnation|2390
2023-11-17|18:23:33|Skill Upgrade Cost|Star Stream Bureau|-7289
2022-09-25|04:41:21|Incarnation Support Donation|Duke of Loyalty and Warfare|6812
2024-09-28|05:47:44|Gift to Fellow Incarnation|Star Stream Bureau|-3955
2022-08-29|01:50:57|Gift to Fellow Incarnation|Upper Tier Dokkaebi|-6446
2020-09-16|02:48:51|Hidden Scenario Completion Reward|Dragon King of the West Sea|152
2023-09-14|20:27:09|Incarnation Support Donation|Abyssal Black Flame Dragon|8646
2022-05-24|12:26:20|Story Consumption Cost|Mid-Level Dokkaebi|-177
2026-04-16|00:47:16|Dokkaebi Shop Purchase|Mid-Level Dokkaebi|-1004
2020-01-07|14:00:33|Main Scenario Completion Reward|Watcher of Light and Darkness|8621
2024-05-24|19:49:03|Fable Story Reward|King of a Kingless World|4521
2022-12-21|21:52:56|Main Scenario Completion Reward|Sword Saint of the East Sea|7634
2021-09-21|11:25:08|Gift to Fellow Incarnation|Mid-Level Dokkaebi|-1676
2022-11-30|03:46:37|Dokkaebi Shop Purchase|Upper Tier Dokkaebi|-7861
2025-08-13|02:33:40|Story Consumption Cost|Mid-Level Dokkaebi|-3348
2020-05-19|19:16:46|Gift to Fellow Incarnation|Upper Tier Dokkaebi|-7081
2024-11-03|14:29:46|Dokkaebi Shop Purchase|Star Stream Bureau|-210
2024-01-14|23:17:38|Fable Story Reward|Watcher of Light and Darkness|2604
2020-04-10|18:41:27|Skill Upgrade Cost|Star Stream Bureau|-8557
2020-04-28|16:39:06|Constellation Gift|Watcher of Light and Darkness|4655
2024-12-11|12:44:41|Incarnation Support Donation|Most Ancient Liberator|5451
2020-12-14|10:40:28|Main Scenario Completion Reward|Most Ancient Liberator|111
2024-12-03|08:06:09|Skill Upgrade Cost|Star Stream Bureau|-3620
2020-11-05|20:49:15|Gift to Fellow Incarnation|Bihyung - Dokkaebi Shop|-563
2024-12-16|04:05:48|Gift to Fellow Incarnation|Upper Tier Dokkaebi|-1860
2025-04-26|13:30:41|Skill Upgrade Cost|Mid-Level Dokkaebi|-3892
2025-04-01|15:41:19|Gift to Fellow Incarnation|Upper Tier Dokkaebi|-1220
2021-07-23|08:04:53|Skill Upgrade Cost|Bihyung - Dokkaebi Shop|-1857
2022-04-21|10:52:01|Gift to Fellow Incarnation|Mid-Level Dokkaebi|-4934
2022-09-01|03:04:55|Skill Upgrade Cost|Mid-Level Dokkaebi|-5431
2023-07-23|18:50:05|Main Scenario Completion Reward|Maritime War God|9992
2021-05-13|12:44:29|Constellation Gift|Secretive Plotter|1949
2021-04-10|04:21:24|Probability Adjustment Fee|Industrial Complex Dokkaebi|-6924
2023-10-29|17:17:35|Constellation Gift|Watcher of Light and Darkness|7443
2024-10-08|02:31:08|Skill Upgrade Cost|Bihyung - Dokkaebi Shop|-4332
2023-09-25|03:05:17|Hidden Scenario Completion Reward|Star Stream Bureau|290
2022-05-15|02:14:43|Probability Compensation|Father of the Rich Night|1630
2026-04-02|16:12:07|Constellation Gift|Demon-like Judge of Fire|9016
2021-12-03|07:34:48|Incarnation Support Donation|Bald General of Justice|3222
2021-11-23|13:32:41|Probability Adjustment Fee|Industrial Complex Dokkaebi|-9638
2025-09-01|05:17:26|Star Stream Bonus Distribution|Mass Production Maker|7268
2021-12-16|09:41:39|Fable Story Reward|Bald General of Justice|6783
2022-07-27|03:43:06|Skill Upgrade Cost|Industrial Complex Dokkaebi|-1557
2022-08-19|09:03:39|Probability Compensation|Ancient Dream|7029
2024-01-11|17:56:31|Probability Compensation|Maritime War God|3125
2022-11-18|16:37:36|Story Consumption Cost|Upper Tier Dokkaebi|-4955
2025-06-24|09:25:59|Dokkaebi Shop Purchase|Upper Tier Dokkaebi|-9321
2020-04-27|02:45:06|Gift to Fellow Incarnation|Star Stream Bureau|-1733
2022-01-25|01:43:41|Gift to Fellow Incarnation|Upper Tier Dokkaebi|-1412
2023-05-04|06:33:11|Probability Compensation|God of Wine and Ecstasy|8455
2023-07-21|18:32:37|Stat Enhancement Purchase|Star Stream Bureau|-2054
2025-03-16|16:39:18|Dokkaebi Shop Purchase|Mid-Level Dokkaebi|-6153
2025-02-23|17:51:00|Star Stream Bonus Distribution|King of a Kingless World|4526
2026-01-21|12:07:16|Star Stream Bonus Distribution|Master of the Steel Sword|6031
2024-01-11|01:06:11|Star Stream Bonus Distribution|Dragon King of the West Sea|7650
2025-05-29|20:24:50|Gift to Fellow Incarnation|Upper Tier Dokkaebi|-4988
2021-06-30|17:41:08|Skill Upgrade Cost|Industrial Complex Dokkaebi|-1968
2020-12-14|17:25:18|Story Consumption Cost|Mid-Level Dokkaebi|-3829
2020-08-22|01:52:20|Stat Enhancement Purchase|Star Stream Bureau|-209
2026-02-28|14:01:16|Probability Adjustment Fee|Star Stream Bureau|-6158
2020-07-29|13:15:49|Skill Upgrade Cost|Upper Tier Dokkaebi|-7180
2025-08-31|00:26:42|Probability Adjustment Fee|Star Stream Bureau|-5501
2024-05-26|12:31:49|Constellation Gift|Architect Beyond the Horizon|6476
2024-11-18|04:29:25|Dokkaebi Shop Purchase|Industrial Complex Dokkaebi|-3267
2024-06-12|14:42:36|Constellation Gift|Other Incarnation|186
2025-07-23|01:45:38|Incarnation Support Donation|Other Incarnation|7081
2021-01-24|11:58:52|Probability Adjustment Fee|Bihyung - Dokkaebi Shop|-8360
2020-07-26|19:29:47|Incarnation Support Donation|Star Stream Bureau|3787
2021-10-23|15:28:21|Incarnation Support Donation|Architect Beyond the Horizon|6075
2025-02-26|04:13:42|Constellation Gift|One Who Walks Ahead|9502
2020-01-17|20:15:55|Dokkaebi Shop Purchase|Star Stream Bureau|-9841
2020-11-28|07:07:01|Probability Adjustment Fee|Bihyung - Dokkaebi Shop|-4106
2023-10-24|11:58:18|Hidden Scenario Completion Reward|Bald General of Justice|1721
2022-05-13|14:04:23|Story Consumption Cost|Industrial Complex Dokkaebi|-5249
2022-02-10|17:05:58|Hidden Scenario Completion Reward|Watcher of Light and Darkness|6934
2021-03-01|02:51:09|Hidden Scenario Completion Reward|Sword Saint of the East Sea|9309
2023-05-04|06:02:10|Star Stream Bonus Distribution|Secretive Plotter|3946
2025-01-08|05:02:19|Dokkaebi Shop Purchase|Mid-Level Dokkaebi|-5772
2026-01-23|04:52:19|Hidden Scenario Completion Reward|Queen of the Darkest Spring|4038
2022-09-08|10:50:06|Skill Upgrade Cost|Upper Tier Dokkaebi|-1603
2022-06-02|14:00:28|Probability Adjustment Fee|Star Stream Bureau|-9982
2024-09-21|04:03:58|Star Stream Bonus Distribution|Bald General of Justice|9985
2024-01-01|01:35:32|Star Stream Bonus Distribution|Star Stream Bureau|9869
2021-10-23|00:13:28|Star Stream Bonus Distribution|Other Incarnation|2594
2024-08-01|02:46:34|Star Stream Bonus Distribution|Ancient Dream|3181
2022-11-02|04:40:18|Dokkaebi Shop Purchase|Industrial Complex Dokkaebi|-7306
2025-10-02|05:13:55|Constellation Gift|One Who Walks Ahead|6201
2022-05-07|06:40:55|Fable Story Reward|Master of the Steel Sword|2393
2026-03-28|21:45:40|Stat Enhancement Purchase|Industrial Complex Dokkaebi|-2669
2024-09-15|08:28:17|Stat Enhancement Purchase|Upper Tier Dokkaebi|-4461
2023-04-12|12:54:14|Hidden Scenario Completion Reward|One Who Walks Ahead|4431
2021-01-10|06:42:23|Probability Compensation|Dragon King of the West Sea|7260
2025-02-09|19:02:58|Story Consumption Cost|Bihyung - Dokkaebi Shop|-1086
2022-03-14|08:53:23|Hidden Scenario Completion Reward|Most Ancient Liberator|8628
2023-06-14|08:32:53|Hidden Scenario Completion Reward|Mass Production Maker|4849
2023-12-01|10:39:11|Main Scenario Completion Reward|Secretive Plotter|9748
2021-11-26|06:55:37|Dokkaebi Shop Purchase|Upper Tier Dokkaebi|-8241
2023-04-19|05:50:33|Skill Upgrade Cost|Upper Tier Dokkaebi|-5471
2021-12-12|18:09:31|Skill Upgrade Cost|Upper Tier Dokkaebi|-5076
2021-11-30|06:35:34|Probability Adjustment Fee|Industrial Complex Dokkaebi|-5600
2021-10-23|22:38:14|Fable Story Reward|Watcher of Light and Darkness|4696
2020-10-30|01:38:40|Dokkaebi Shop Purchase|Star Stream Bureau|-7495
2025-03-25|22:09:32|Dokkaebi Shop Purchase|Star Stream Bureau|-9737
2023-07-10|02:50:31|Skill Upgrade Cost|Upper Tier Dokkaebi|-8305
2024-03-15|16:54:27|Hidden Scenario Completion Reward|Star Stream Bureau|1588
2021-04-30|14:58:02|Constellation Gift|Prisoner of the Golden Headband|1168
2023-09-25|17:01:22|Skill Upgrade Cost|Bihyung - Dokkaebi Shop|-2467
2023-07-23|14:00:06|Main Scenario Completion Reward|King of a Kingless World|8320
2021-01-27|14:46:56|Hidden Scenario Completion Reward|Father of the Rich Night|628
2024-04-07|16:41:33|Gift to Fellow Incarnation|Mid-Level Dokkaebi|-5148
2024-07-30|06:27:05|Skill Upgrade Cost|Bihyung - Dokkaebi Shop|-1460
2020-07-05|03:34:01|Gift to Fellow Incarnation|Bihyung - Dokkaebi Shop|-3567
2021-03-22|20:29:58|Gift to Fellow Incarnation|Bihyung - Dokkaebi Shop|-8628
2024-08-21|02:08:13|Stat Enhancement Purchase|Star Stream Bureau|-9057
2025-10-24|07:20:36|Main Scenario Completion Reward|Maritime War God|2566
2021-12-29|18:33:17|Probability Adjustment Fee|Industrial Complex Dokkaebi|-8179
2021-06-20|13:45:02|Hidden Scenario Completion Reward|Demon-like Judge of Fire|2209
2022-05-23|00:59:25|Gift to Fellow Incarnation|Mid-Level Dokkaebi|-5409
2024-12-24|14:06:44|Main Scenario Completion Reward|Dragon King of the West Sea|1421
2020-11-17|18:46:19|Probability Adjustment Fee|Upper Tier Dokkaebi|-6582
2020-06-23|16:16:45|Star Stream Bonus Distribution|Duke of Loyalty and Warfare|5819
2024-07-23|12:08:18|Probability Compensation|Other Incarnation|5152
2024-02-25|22:40:30|Story Consumption Cost|Industrial Complex Dokkaebi|-3153
2022-10-25|06:03:00|Stat Enhancement Purchase|Star Stream Bureau|-9837
2023-01-08|15:16:16|Incarnation Support Donation|Father of the Rich Night|8601
2021-03-20|08:42:29|Main Scenario Completion Reward|One Who Walks Ahead|299
2025-01-30|05:26:55|Probability Compensation|Prisoner of the Golden Headband|6077
2020-06-23|20:15:29|Dokkaebi Shop Purchase|Star Stream Bureau|-5513
2023-12-16|23:34:28|Constellation Gift|Maritime War God|4181
2025-11-27|19:55:07|Star Stream Bonus Distribution|Star Stream Bureau|1005
2022-08-13|17:05:57|Probability Adjustment Fee|Upper Tier Dokkaebi|-2920
2023-09-12|13:58:05|Fable Story Reward|Sword Saint of the East Sea|2512
2024-01-17|10:04:10|Skill Upgrade Cost|Star Stream Bureau|-1028
2022-04-03|23:01:20|Probability Compensation|Watcher of Light and Darkness|7917
2021-04-01|03:38:58|Main Scenario Completion Reward|One Who Walks Ahead|957
2024-07-24|15:04:14|Gift to Fellow Incarnation|Star Stream Bureau|-3964
2020-10-24|10:48:30|Constellation Gift|Other Incarnation|8070
2021-01-13|18:47:57|Stat Enhancement Purchase|Bihyung - Dokkaebi Shop|-1868
2023-11-03|10:11:44|Dokkaebi Shop Purchase|Bihyung - Dokkaebi Shop|-7620
2022-09-27|11:32:37|Incarnation Support Donation|Father of the Rich Night|9832
2021-01-13|02:07:30|Main Scenario Completion Reward|Architect Beyond the Horizon|5256
2025-08-08|00:55:47|Probability Compensation|Sword Saint of the East Sea|2532
2024-08-05|21:46:19|Stat Enhancement Purchase|Mid-Level Dokkaebi|-5208
2026-01-29|14:54:08|Probability Adjustment Fee|Bihyung - Dokkaebi Shop|-6590
2025-11-26|09:39:28|Incarnation Support Donation|Demon-like Judge of Fire|4254
2021-01-14|10:34:08|Constellation Gift|Demon-like Judge of Fire|1258
2021-09-11|05:20:55|Hidden Scenario Completion Reward|Secretive Plotter|9757
2021-10-01|00:47:14|Main Scenario Completion Reward|Most Ancient Liberator|304
2023-11-15|01:54:48|Story Consumption Cost|Bihyung - Dokkaebi Shop|-5151
2022-10-08|16:07:35|Probability Compensation|Watcher of Light and Darkness|5185
2026-02-04|14:04:21|Fable Story Reward|Maritime War God|4137
2024-09-25|23:57:59|Main Scenario Completion Reward|Watcher of Light and Darkness|1180
2023-06-16|15:15:47|Skill Upgrade Cost|Industrial Complex Dokkaebi|-9421
2024-05-16|17:08:56|Probability Adjustment Fee|Industrial Complex Dokkaebi|-2360
2020-07-25|03:28:46|Constellation Gift|Prisoner of the Golden Headband|1606
2021-02-12|12:43:05|Gift to Fellow Incarnation|Star Stream Bureau|-1990
2025-12-23|04:11:34|Probability Compensation|Secretive Plotter|5154
2023-08-13|18:43:17|Fable Story Reward|Star Stream Bureau|1503
2021-09-23|15:05:48|Main Scenario Completion Reward|Most Ancient Liberator|8938
2023-08-17|03:20:16|Constellation Gift|Demon-like Judge of Fire|7695
2021-06-24|21:46:00|Main Scenario Completion Reward|Queen of the Darkest Spring|903
2021-03-08|05:00:07|Story Consumption Cost|Mid-Level Dokkaebi|-8630
2024-03-29|14:46:46|Gift to Fellow Incarnation|Mid-Level Dokkaebi|-9186
2024-09-29|13:11:54|Dokkaebi Shop Purchase|Upper Tier Dokkaebi|-1812
2022-06-13|10:47:46|Probability Compensation|Dragon King of the West Sea|6126
2024-06-10|11:50:20|Stat Enhancement Purchase|Industrial Complex Dokkaebi|-6861
2023-11-16|04:18:49|Story Consumption Cost|Bihyung - Dokkaebi Shop|-7512
2023-04-02|00:40:23|Story Consumption Cost|Star Stream Bureau|-1169
2024-10-29|11:37:51|Star Stream Bonus Distribution|Dragon King of the West Sea|658
2022-10-03|11:44:03|Fable Story Reward|Mass Production Maker|995
2023-04-17|18:35:44|Main Scenario Completion Reward|Prisoner of the Golden Headband|4945
2020-12-31|12:58:55|Fable Story Reward|Father of the Rich Night|8046
2026-04-23|06:49:38|Stat Enhancement Purchase|Star Stream Bureau|-7452
2024-04-18|01:21:43|Probability Compensation|Secretive Plotter|525
2021-07-26|07:23:54|Dokkaebi Shop Purchase|Upper Tier Dokkaebi|-5181
2021-08-04|15:40:45|Main Scenario Completion Reward|Prisoner of the Golden Headband|2987
2021-02-22|22:05:55|Probability Compensation|Father of the Rich Night|3819
2020-05-05|04:24:37|Hidden Scenario Completion Reward|Queen of the Darkest Spring|8241
2020-07-24|00:41:41|Probability Compensation|One Who Walks Ahead|8458
2023-06-28|22:01:02|Star Stream Bonus Distribution|Star Stream Bureau|4144